Datetime,Buy,Sell,Transfer
1681799495000,"602.74","695.74","669.71"
1681800363000,"602.74","695.74","669.71"
1681801129000,"602.74","695.74","669.71"
1681802286000,"602.74","695.74","669.71"
1681803053000,"602.74","695.74","669.71"
1681803817000,"602.74","695.74","669.71"
1681804600000,"602.74","695.74","669.71"
1681806267000,"602.74","695.74","669.71"
1681807099000,"602.74","695.74","669.71"
1681807892000,"602.74","695.74","669.71"
1681809070000,"602.74","695.74","669.71"
1681811059000,"602.74","695.74","669.71"
1681811833000,"602.74","695.74","669.71"
1681813280000,"602.74","695.74","669.71"
1681814084000,"602.74","695.74","669.71"
1681814847000,"602.74","695.74","669.71"
1681815625000,"602.74","695.74","669.71"
1681816646000,"602.74","695.74","669.71"
1681817420000,"602.74","695.74","669.71"
1681818197000,"602.74","695.74","669.71"
1681818969000,"602.74","695.74","669.71"
1681821440000,"602.74","695.74","669.71"
1681822827000,"602.74","695.74","669.71"
1681824330000,"602.74","695.74","669.71"
1681825113000,"602.74","695.74","669.71"
1681825888000,"602.74","695.74","669.71"
1681827133000,"602.74","695.74","669.71"
1681828509000,"602.74","695.74","669.71"
1681829295000,"602.74","695.74","669.71"
1681830384000,"602.74","695.74","669.71"
1681831643000,"602.74","695.74","669.71"
1681832414000,"602.74","695.74","669.71"
1681833182000,"602.74","695.74","669.71"
1681834564000,"602.74","695.74","669.71"
1681835474000,"602.74","695.74","669.71"
1681836245000,"602.74","695.74","669.71"
1681837012000,"602.74","695.74","669.71"
1681838123000,"602.74","695.74","669.71"
1681838885000,"602.74","695.74","669.71"
1681839664000,"602.74","695.74","669.71"
1681840441000,"602.74","695.74","669.71"
1681842000000,"602.74","695.74","669.71"
1681842824000,"602.74","695.74","669.71"
1681843601000,"602.74","695.74","669.71"
1681844374000,"602.74","695.74","669.71"
1681845391000,"602.74","695.74","669.71"
1681846165000,"602.74","695.74","669.71"
1681846936000,"602.74","695.74","669.71"
1681847704000,"602.74","695.74","669.71"
1681849142000,"602.74","695.74","669.71"
1681849938000,"602.74","695.74","669.71"
1681850702000,"602.74","695.74","669.71"
1681851483000,"602.74","695.74","669.71"
1681852702000,"602.74","695.74","669.71"
1681853464000,"602.74","695.74","669.71"
1681854253000,"602.74","695.74","669.71"
1681855020000,"602.74","695.74","669.71"
1681856362000,"602.74","695.74","669.71"
1681857136000,"602.74","695.74","669.71"
1681857905000,"602.74","695.74","669.71"
1681858684000,"602.74","695.74","669.71"
1681859950000,"602.74","695.74","669.71"
1681860764000,"602.74","695.74","669.71"
1681861541000,"602.74","695.74","669.71"
1681862311000,"602.74","695.74","669.71"
1681868342000,"605.99","699.49","673.32"
1681871145000,"605.99","699.49","673.32"
1681872410000,"605.73","699.19","673.03"
1681873177000,"605.73","699.19","673.03"
1681874510000,"605.73","699.19","673.03"
1681875296000,"605.73","699.19","673.03"
1681876080000,"605.73","699.19","673.03"
1681877137000,"605.73","699.19","673.03"
1681878499000,"605.73","699.19","673.03"
1681879273000,"605.73","699.19","673.03"
1681880047000,"605.73","699.19","673.03"
1681881320000,"605.73","699.19","673.03"
1681882116000,"605.73","699.19","673.03"
1681882896000,"605.73","699.19","673.03"
1681883672000,"605.73","699.19","673.03"
1681885304000,"605.73","699.19","673.03"
1681886198000,"605.73","699.19","673.03"
1681886969000,"605.73","699.19","673.03"
1681888044000,"605.47","698.89","672.75"
1681888940000,"605.47","698.89","672.75"
1681889720000,"605.47","698.89","672.75"
1681890489000,"604.96","698.3","672.17"
1681891645000,"604.96","698.3","672.17"
1681892925000,"604.96","698.3","672.17"
1681893704000,"604.96","698.3","672.17"
1681894472000,"604.96","698.3","672.17"
1681895807000,"604.96","698.3","672.17"
1681896573000,"604.96","698.3","672.17"
1681897355000,"604.96","698.3","672.17"
1681898141000,"604.96","698.3","672.17"
1681899618000,"604.96","698.3","672.17"
1681900458000,"604.96","698.3","672.17"
1681901233000,"604.96","698.3","672.17"
1681902009000,"604.96","698.3","672.17"
1681903043000,"604.96","698.3","672.17"
1681903814000,"604.96","698.3","672.17"
1681904598000,"604.96","698.3","672.17"
1681905364000,"604.96","698.3","672.17"
1681907810000,"604.96","698.3","672.17"
1681909168000,"604.96","698.3","672.17"
1681910701000,"604.96","698.3","672.17"
1681911470000,"604.96","698.3","672.17"
1681912244000,"604.96","698.3","672.17"
1681913379000,"604.96","698.3","672.17"
1681914405000,"604.96","698.3","672.17"
1681915170000,"604.96","698.3","672.17"
1681915944000,"604.96","698.3","672.17"
1681917220000,"604.96","698.3","672.17"
1681918080000,"604.96","698.3","672.17"
1681918851000,"604.96","698.3","672.17"
1681919623000,"604.96","698.3","672.17"
1681921230000,"604.96","698.3","672.17"
1681922337000,"604.96","698.3","672.17"
1681923120000,"604.96","698.3","672.17"
1681924265000,"604.96","698.3","672.17"
1681925188000,"604.96","698.3","672.17"
1681925962000,"604.96","698.3","672.17"
1681926738000,"604.96","698.3","672.17"
1681928160000,"604.96","698.3","672.17"
1681929053000,"604.96","698.3","672.17"
1681929816000,"604.96","698.3","672.17"
1681930592000,"604.96","698.3","672.17"
1681931741000,"604.96","698.3","672.17"
1681932513000,"604.96","698.3","672.17"
1681933292000,"604.96","698.3","672.17"
1681934069000,"604.96","698.3","672.17"
1681935479000,"604.96","698.3","672.17"
1681936258000,"604.96","698.3","672.17"
1681937030000,"604.96","698.3","672.17"
1681937802000,"604.96","698.3","672.17"
1681939002000,"604.96","698.3","672.17"
1681939769000,"604.96","698.3","672.17"
1681940564000,"604.96","698.3","672.17"
1681941340000,"604.96","698.3","672.17"
1681942680000,"604.96","698.3","672.17"
1681943448000,"604.96","698.3","672.17"
1681944219000,"604.96","698.3","672.17"
1681945000000,"604.96","698.3","672.17"
1681946339000,"604.96","698.3","672.17"
1681947124000,"604.96","698.3","672.17"
1681947889000,"604.96","698.3","672.17"
1681948661000,"604.96","698.3","672.17"
1681954481000,"602.48","695.15","669.43"
1681957307000,"602.48","695.15","669.43"
1681958621000,"602.48","695.15","669.43"
1681959389000,"602.48","695.15","669.43"
1681960800000,"602.48","695.15","669.43"
1681961609000,"602.48","695.15","669.43"
1681962385000,"602.48","695.15","669.43"
1681963155000,"602.48","695.15","669.43"
1681964696000,"602.48","695.15","669.43"
1681965524000,"602.48","695.15","669.43"
1681966296000,"602.48","695.15","669.43"
1681967477000,"602.48","695.15","669.43"
1681968435000,"602.48","695.15","669.43"
1681969198000,"602.48","695.15","669.43"
1681969968000,"602.48","695.15","669.43"
1681971480000,"602.48","695.15","669.43"
1681972417000,"602.48","695.15","669.43"
1681973189000,"602.48","695.15","669.43"
1681973951000,"602.48","695.15","669.43"
1681975116000,"602.48","695.15","669.43"
1681975890000,"602.48","695.15","669.43"
1681976663000,"602.48","695.15","669.43"
1681977442000,"602.48","695.15","669.43"
1681979055000,"602.48","695.15","669.43"
1681979875000,"602.48","695.15","669.43"
1681980655000,"602.48","695.15","669.43"
1681981826000,"602.48","695.15","669.43"
1681982680000,"602.48","695.15","669.43"
1681983454000,"602.48","695.15","669.43"
1681984229000,"602.48","695.15","669.43"
1681985406000,"602.48","695.15","669.43"
1681986525000,"602.48","695.15","669.43"
1681987310000,"602.48","695.15","669.43"
1681988077000,"602.48","695.15","669.43"
1681989256000,"602.48","695.15","669.43"
1681990027000,"602.48","695.15","669.43"
1681990798000,"602.48","695.15","669.43"
1681991575000,"602.48","695.15","669.43"
1681993624000,"602.48","695.15","669.43"
1681995242000,"602.48","695.15","669.43"
1681996786000,"602.48","695.15","669.43"
1681997719000,"602.48","695.15","669.43"
1681998497000,"602.48","695.15","669.43"
1681999457000,"602.48","695.15","669.43"
1682000619000,"602.48","695.15","669.43"
1682001407000,"602.48","695.15","669.43"
1682002171000,"602.48","695.15","669.43"
1682003298000,"602.48","695.15","669.43"
1682004324000,"602.48","695.15","669.43"
1682005085000,"602.48","695.15","669.43"
1682005857000,"602.48","695.15","669.43"
1682007199000,"602.48","695.15","669.43"
1682008479000,"602.48","695.15","669.43"
1682009262000,"602.48","695.15","669.43"
1682010040000,"602.48","695.15","669.43"
1682011211000,"602.48","695.15","669.43"
1682012005000,"602.48","695.15","669.43"
1682012786000,"602.48","695.15","669.43"
1682013559000,"602.48","695.15","669.43"
1682015054000,"602.48","695.15","669.43"
1682015840000,"602.48","695.15","669.43"
1682016624000,"602.48","695.15","669.43"
1682017675000,"602.48","695.15","669.43"
1682018452000,"602.48","695.15","669.43"
1682019223000,"602.48","695.15","669.43"
1682019995000,"602.48","695.15","669.43"
1682020767000,"602.48","695.15","669.43"
1682022082000,"602.48","695.15","669.43"
1682022872000,"602.48","695.15","669.43"
1682023643000,"602.48","695.15","669.43"
1682024417000,"602.48","695.15","669.43"
1682025473000,"602.48","695.15","669.43"
1682026252000,"602.48","695.15","669.43"
1682027027000,"602.48","695.15","669.43"
1682027793000,"602.48","695.15","669.43"
1682029096000,"602.48","695.15","669.43"
1682029875000,"602.48","695.15","669.43"
1682030651000,"602.48","695.15","669.43"
1682031424000,"602.48","695.15","669.43"
1682032739000,"602.48","695.15","669.43"
1682033541000,"602.48","695.15","669.43"
1682034313000,"602.48","695.15","669.43"
1682035080000,"602.48","695.15","669.43"
1682040921000,"604.24","697.17","671.37"
1682043769000,"604.24","697.17","671.37"
1682045060000,"604.24","697.17","671.37"
1682045829000,"604.24","697.17","671.37"
1682047207000,"604.24","697.17","671.37"
1682048004000,"604.24","697.17","671.37"
1682048773000,"604.24","697.17","671.37"
1682049542000,"604.24","697.17","671.37"
1682051078000,"604.24","697.17","671.37"
1682051888000,"604.24","697.17","671.37"
1682052658000,"604.24","697.17","671.37"
1682053819000,"604.24","697.17","671.37"
1682054807000,"604.24","697.17","671.37"
1682055583000,"604.24","697.17","671.37"
1682056358000,"604.24","697.17","671.37"
1682057858000,"604.24","697.17","671.37"
1682058778000,"604.24","697.17","671.37"
1682059559000,"604.24","697.17","671.37"
1682060323000,"604.24","697.17","671.37"
1682061512000,"604.24","697.17","671.37"
1682062263000,"604.24","697.17","671.37"
1682063035000,"604.24","697.17","671.37"
1682063800000,"604.24","697.17","671.37"
1682065413000,"604.24","697.17","671.37"
1682066209000,"604.24","697.17","671.37"
1682066982000,"604.24","697.17","671.37"
1682068104000,"604.24","697.17","671.37"
1682069031000,"604.24","697.17","671.37"
1682069791000,"604.24","697.17","671.37"
1682070580000,"604.24","697.17","671.37"
1682071711000,"604.24","697.17","671.37"
1682072870000,"604.24","697.17","671.37"
1682073636000,"604.24","697.17","671.37"
1682074422000,"604.24","697.17","671.37"
1682075547000,"604.24","697.17","671.37"
1682076313000,"604.24","697.17","671.37"
1682077092000,"604.24","697.17","671.37"
1682077864000,"604.24","697.17","671.37"
1682079582000,"604.24","697.17","671.37"
1682081304000,"604.24","697.17","671.37"
1682082504000,"604.24","697.17","671.37"
1682083567000,"604.24","697.17","671.37"
1682084335000,"604.24","697.17","671.37"
1682085102000,"604.24","697.17","671.37"
1682086233000,"604.24","697.17","671.37"
1682087194000,"604.24","697.17","671.37"
1682087967000,"604.24","697.17","671.37"
1682088738000,"604.24","697.17","671.37"
1682089960000,"604.24","697.17","671.37"
1682092347000,"604.24","697.17","671.37"
1682093795000,"604.24","697.17","671.37"
1682094978000,"604.24","697.17","671.37"
1682095755000,"604.24","697.17","671.37"
1682096791000,"604.24","697.17","671.37"
1682097900000,"604.24","697.17","671.37"
1682098668000,"604.24","697.17","671.37"
1682099444000,"604.24","697.17","671.37"
1682100733000,"604.24","697.17","671.37"
1682101797000,"604.24","697.17","671.37"
1682102575000,"604.24","697.17","671.37"
1682103342000,"604.24","697.17","671.37"
1682104434000,"604.24","697.17","671.37"
1682105214000,"604.24","697.17","671.37"
1682105983000,"604.24","697.17","671.37"
1682106764000,"604.24","697.17","671.37"
1682108035000,"604.24","697.17","671.37"
1682108807000,"604.24","697.17","671.37"
1682109580000,"604.24","697.17","671.37"
1682110367000,"604.24","697.17","671.37"
1682111486000,"604.24","697.17","671.37"
1682112254000,"604.24","697.17","671.37"
1682113036000,"604.24","697.17","671.37"
1682113809000,"604.24","697.17","671.37"
1682114883000,"604.24","697.17","671.37"
1682115938000,"604.24","697.17","671.37"
1682116717000,"604.24","697.17","671.37"
1682117492000,"604.24","697.17","671.37"
1682118653000,"604.24","697.17","671.37"
1682119468000,"604.24","697.17","671.37"
1682120243000,"604.24","697.17","671.37"
1682121014000,"604.24","697.17","671.37"
1682124501000,"604.24","697.17","671.37"
1682128697000,"604.24","697.17","671.37"
1682130917000,"604.24","697.17","671.37"
1682131691000,"604.24","697.17","671.37"
1682132630000,"604.24","697.17","671.37"
1682133773000,"604.24","697.17","671.37"
1682134548000,"604.24","697.17","671.37"
1682135319000,"604.24","697.17","671.37"
1682136432000,"604.24","697.17","671.37"
1682137689000,"604.24","697.17","671.37"
1682138449000,"604.24","697.17","671.37"
1682139212000,"604.24","697.17","671.37"
1682140416000,"604.24","697.17","671.37"
1682141232000,"604.24","697.17","671.37"
1682142016000,"604.24","697.17","671.37"
1682142787000,"604.24","697.17","671.37"
1682144238000,"604.24","697.17","671.37"
1682145077000,"604.24","697.17","671.37"
1682145847000,"604.24","697.17","671.37"
1682146611000,"604.24","697.17","671.37"
1682147795000,"604.24","697.17","671.37"
1682148567000,"604.24","697.17","671.37"
1682149330000,"604.24","697.17","671.37"
1682150111000,"604.24","697.17","671.37"
1682151680000,"604.24","697.17","671.37"
1682152464000,"604.24","697.17","671.37"
1682153245000,"604.24","697.17","671.37"
1682154010000,"604.24","697.17","671.37"
1682155139000,"604.24","697.17","671.37"
1682155914000,"604.24","697.17","671.37"
1682156679000,"604.24","697.17","671.37"
1682157448000,"604.24","697.17","671.37"
1682158829000,"604.24","697.17","671.37"
1682159624000,"604.24","697.17","671.37"
1682160388000,"604.24","697.17","671.37"
1682161161000,"604.24","697.17","671.37"
1682162175000,"604.24","697.17","671.37"
1682162944000,"604.24","697.17","671.37"
1682163710000,"604.24","697.17","671.37"
1682164484000,"604.24","697.17","671.37"
1682166700000,"604.24","697.17","671.37"
1682168056000,"604.24","697.17","671.37"
1682169462000,"604.24","697.17","671.37"
1682170237000,"604.24","697.17","671.37"
1682171023000,"604.24","697.17","671.37"
1682171788000,"604.24","697.17","671.37"
1682172990000,"604.24","697.17","671.37"
1682173767000,"604.24","697.17","671.37"
1682174539000,"604.24","697.17","671.37"
1682175311000,"604.24","697.17","671.37"
1682176625000,"604.24","697.17","671.37"
1682177396000,"604.24","697.17","671.37"
1682178177000,"604.24","697.17","671.37"
1682178937000,"604.24","697.17","671.37"
1682180610000,"604.24","697.17","671.37"
1682181548000,"604.24","697.17","671.37"
1682182320000,"604.24","697.17","671.37"
1682183413000,"604.24","697.17","671.37"
1682184310000,"604.24","697.17","671.37"
1682185094000,"604.24","697.17","671.37"
1682185867000,"604.24","697.17","671.37"
1682187135000,"604.24","697.17","671.37"
1682188131000,"604.24","697.17","671.37"
1682188971000,"604.24","697.17","671.37"
1682189664000,"604.24","697.17","671.37"
1682190762000,"604.24","697.17","671.37"
1682191529000,"604.24","697.17","671.37"
1682192290000,"604.24","697.17","671.37"
1682193057000,"604.24","697.17","671.37"
1682194238000,"604.24","697.17","671.37"
1682195113000,"604.24","697.17","671.37"
1682195887000,"604.24","697.17","671.37"
1682196654000,"604.24","697.17","671.37"
1682197715000,"604.24","697.17","671.37"
1682198493000,"604.24","697.17","671.37"
1682199281000,"604.24","697.17","671.37"
1682200054000,"604.24","697.17","671.37"
1682200818000,"604.24","697.17","671.37"
1682202050000,"604.24","697.17","671.37"
1682202836000,"604.24","697.17","671.37"
1682203606000,"604.24","697.17","671.37"
1682204371000,"604.24","697.17","671.37"
1682205562000,"604.24","697.17","671.37"
1682206342000,"604.24","697.17","671.37"
1682207115000,"604.24","697.17","671.37"
1682207896000,"604.24","697.17","671.37"
1682214437000,"604.24","697.17","671.37"
1682217188000,"604.24","697.17","671.37"
1682218369000,"604.24","697.17","671.37"
1682219655000,"604.24","697.17","671.37"
1682220424000,"604.24","697.17","671.37"
1682221191000,"604.24","697.17","671.37"
1682221981000,"604.24","697.17","671.37"
1682223400000,"604.24","697.17","671.37"
1682224299000,"604.24","697.17","671.37"
1682225072000,"604.24","697.17","671.37"
1682225829000,"604.24","697.17","671.37"
1682227122000,"604.24","697.17","671.37"
1682227905000,"604.24","697.17","671.37"
1682228676000,"604.24","697.17","671.37"
1682229448000,"604.24","697.17","671.37"
1682231028000,"604.24","697.17","671.37"
1682231840000,"604.24","697.17","671.37"
1682232615000,"604.24","697.17","671.37"
1682233682000,"604.24","697.17","671.37"
1682234469000,"604.24","697.17","671.37"
1682235243000,"604.24","697.17","671.37"
1682236015000,"604.24","697.17","671.37"
1682236783000,"604.24","697.17","671.37"
1682238232000,"604.24","697.17","671.37"
1682239010000,"604.24","697.17","671.37"
1682239777000,"604.24","697.17","671.37"
1682240846000,"604.24","697.17","671.37"
1682241720000,"604.24","697.17","671.37"
1682242499000,"604.24","697.17","671.37"
1682243267000,"604.24","697.17","671.37"
1682244104000,"604.24","697.17","671.37"
1682245402000,"604.24","697.17","671.37"
1682246174000,"604.24","697.17","671.37"
1682246939000,"604.24","697.17","671.37"
1682247904000,"604.24","697.17","671.37"
1682248702000,"604.24","697.17","671.37"
1682249482000,"604.24","697.17","671.37"
1682250248000,"604.24","697.17","671.37"
1682251016000,"604.24","697.17","671.37"
1682253306000,"604.24","697.17","671.37"
1682254585000,"604.24","697.17","671.37"
1682256031000,"604.24","697.17","671.37"
1682256805000,"604.24","697.17","671.37"
1682257580000,"604.24","697.17","671.37"
1682258353000,"604.24","697.17","671.37"
1682259524000,"604.24","697.17","671.37"
1682260326000,"604.24","697.17","671.37"
1682261105000,"604.24","697.17","671.37"
1682261878000,"604.24","697.17","671.37"
1682263118000,"604.24","697.17","671.37"
1682263902000,"604.24","697.17","671.37"
1682264683000,"604.24","697.17","671.37"
1682265444000,"604.24","697.17","671.37"
1682267063000,"604.24","697.17","671.37"
1682267976000,"604.24","697.17","671.37"
1682268748000,"604.24","697.17","671.37"
1682269846000,"604.24","697.17","671.37"
1682270709000,"604.24","697.17","671.37"
1682271473000,"604.24","697.17","671.37"
1682272247000,"604.24","697.17","671.37"
1682273497000,"604.24","697.17","671.37"
1682274491000,"604.24","697.17","671.37"
1682275257000,"604.24","697.17","671.37"
1682276033000,"604.24","697.17","671.37"
1682277121000,"604.24","697.17","671.37"
1682277895000,"604.24","697.17","671.37"
1682278671000,"604.24","697.17","671.37"
1682279449000,"604.24","697.17","671.37"
1682280603000,"604.24","697.17","671.37"
1682281490000,"604.24","697.17","671.37"
1682282274000,"604.24","697.17","671.37"
1682283047000,"604.24","697.17","671.37"
1682284109000,"604.24","697.17","671.37"
1682284881000,"604.24","697.17","671.37"
1682285672000,"604.24","697.17","671.37"
1682286453000,"604.24","697.17","671.37"
1682287218000,"604.24","697.17","671.37"
1682288479000,"604.24","697.17","671.37"
1682289253000,"604.24","697.17","671.37"
1682290034000,"604.24","697.17","671.37"
1682290803000,"604.24","697.17","671.37"
1682291964000,"604.24","697.17","671.37"
1682292757000,"604.24","697.17","671.37"
1682293524000,"604.24","697.17","671.37"
1682294301000,"604.24","697.17","671.37"
1682300389000,"603.27","696.05","670.29"
1682303173000,"603.27","696.05","670.29"
1682304449000,"603.27","696.05","670.29"
1682305222000,"603.27","696.05","670.29"
1682306512000,"603.27","696.05","670.29"
1682307299000,"603.27","696.05","670.29"
1682308072000,"603.27","696.05","670.29"
1682309032000,"603.27","696.05","670.29"
1682310443000,"603.27","696.05","670.29"
1682311211000,"603.27","696.05","670.29"
1682311984000,"603.27","696.05","670.29"
1682313225000,"603.27","696.05","670.29"
1682314088000,"603.27","696.05","670.29"
1682314856000,"603.27","696.05","670.29"
1682315629000,"603.27","696.05","670.29"
1682317242000,"603.27","696.05","670.29"
1682318169000,"603.27","696.05","670.29"
1682318937000,"603.27","696.05","670.29"
1682320029000,"603.27","696.05","670.29"
1682320946000,"602.4","695.06","669.33"
1682321727000,"602.4","695.06","669.33"
1682322516000,"602.4","695.06","669.33"
1682323730000,"602.4","695.06","669.33"
1682324983000,"602.4","695.06","669.33"
1682325756000,"602.4","695.06","669.33"
1682326526000,"602.4","695.06","669.33"
1682327918000,"602.4","695.06","669.33"
1682328709000,"602.4","695.06","669.33"
1682329473000,"602.4","695.06","669.33"
1682330249000,"602.4","695.06","669.33"
1682331718000,"602.4","695.06","669.33"
1682332524000,"602.4","695.06","669.33"
1682333290000,"602.4","695.06","669.33"
1682334183000,"602.4","695.06","669.33"
1682335125000,"602.4","695.06","669.33"
1682335918000,"602.4","695.06","669.33"
1682336695000,"602.4","695.06","669.33"
1682337463000,"602.4","695.06","669.33"
1682339874000,"602.4","695.06","669.33"
1682341195000,"602.4","695.06","669.33"
1682342683000,"602.4","695.06","669.33"
1682343463000,"602.4","695.06","669.33"
1682344240000,"602.4","695.06","669.33"
1682345369000,"602.4","695.06","669.33"
1682346413000,"602.4","695.06","669.33"
1682347183000,"602.4","695.06","669.33"
1682347972000,"602.4","695.06","669.33"
1682349275000,"602.4","695.06","669.33"
1682350074000,"602.4","695.06","669.33"
1682350855000,"602.4","695.06","669.33"
1682351651000,"602.4","695.06","669.33"
1682353235000,"602.4","695.06","669.33"
1682354314000,"602.4","695.06","669.33"
1682355098000,"602.4","695.06","669.33"
1682356213000,"602.4","695.06","669.33"
1682357155000,"602.4","695.06","669.33"
1682357927000,"602.4","695.06","669.33"
1682358701000,"602.4","695.06","669.33"
1682360084000,"602.4","695.06","669.33"
1682361050000,"602.4","695.06","669.33"
1682361822000,"602.4","695.06","669.33"
1682362586000,"602.4","695.06","669.33"
1682363713000,"602.4","695.06","669.33"
1682364488000,"602.4","695.06","669.33"
1682365257000,"602.4","695.06","669.33"
1682366022000,"602.4","695.06","669.33"
1682367365000,"602.4","695.06","669.33"
1682368127000,"602.4","695.06","669.33"
1682368901000,"602.4","695.06","669.33"
1682369675000,"602.4","695.06","669.33"
1682370881000,"602.4","695.06","669.33"
1682371649000,"602.4","695.06","669.33"
1682373186000,"602.4","695.06","669.33"
1682374392000,"602.4","695.06","669.33"
1682375287000,"602.4","695.06","669.33"
1682376076000,"602.4","695.06","669.33"
1682376840000,"602.4","695.06","669.33"
1682378144000,"602.4","695.06","669.33"
1682378912000,"602.4","695.06","669.33"
1682379687000,"602.4","695.06","669.33"
1682385730000,"605.21","698.3","672.46"
1682389209000,"605.21","698.3","672.46"
1682390588000,"605.21","698.3","672.46"
1682391371000,"605.21","698.3","672.46"
1682392780000,"605.21","698.3","672.46"
1682393576000,"605.21","698.3","672.46"
1682394346000,"605.21","698.3","672.46"
1682395115000,"605.21","698.3","672.46"
1682396646000,"605.21","698.3","672.46"
1682397439000,"605.21","698.3","672.46"
1682398216000,"605.21","698.3","672.46"
1682399342000,"605.21","698.3","672.46"
1682400373000,"605.21","698.3","672.46"
1682401146000,"605.21","698.3","672.46"
1682401916000,"605.21","698.3","672.46"
1682403354000,"605.21","698.3","672.46"
1682404350000,"605.21","698.3","672.46"
1682405129000,"605.21","698.3","672.46"
1682405902000,"605.21","698.3","672.46"
1682407093000,"605.21","698.3","672.46"
1682407874000,"605.21","698.3","672.46"
1682408661000,"605.21","698.3","672.46"
1682409428000,"605.21","698.3","672.46"
1682411077000,"605.21","698.3","672.46"
1682411929000,"605.21","698.3","672.46"
1682412709000,"605.21","698.3","672.46"
1682413919000,"605.21","698.3","672.46"
1682414715000,"605.21","698.3","672.46"
1682415489000,"605.21","698.3","672.46"
1682416259000,"605.21","698.3","672.46"
1682417482000,"605.21","698.3","672.46"
1682418579000,"605.21","698.3","672.46"
1682419350000,"605.21","698.3","672.46"
1682420123000,"605.21","698.3","672.46"
1682421297000,"605.21","698.3","672.46"
1682422081000,"605.21","698.3","672.46"
1682422843000,"605.21","698.3","672.46"
1682423611000,"605.21","698.3","672.46"
1682427322000,"605.21","698.3","672.46"
1682428907000,"605.21","698.3","672.46"
1682429690000,"605.21","698.3","672.46"
1682430460000,"605.21","698.3","672.46"
1682431249000,"605.21","698.3","672.46"
1682432506000,"605.21","698.3","672.46"
1682433293000,"605.21","698.3","672.46"
1682434068000,"605.21","698.3","672.46"
1682434850000,"605.21","698.3","672.46"
1682436134000,"605.21","698.3","672.46"
1682436917000,"605.21","698.3","672.46"
1682437690000,"605.21","698.3","672.46"
1682438801000,"605.21","698.3","672.46"
1682440267000,"605.21","698.3","672.46"
1682441039000,"605.21","698.3","672.46"
1682441819000,"605.21","698.3","672.46"
1682443068000,"605.21","698.3","672.46"
1682443844000,"605.21","698.3","672.46"
1682444620000,"605.21","698.3","672.46"
1682445389000,"605.21","698.3","672.46"
1682447024000,"605.21","698.3","672.46"
1682447825000,"605.21","698.3","672.46"
1682448600000,"605.21","698.3","672.46"
1682449612000,"605.21","698.3","672.46"
1682450386000,"605.21","698.3","672.46"
1682451180000,"605.21","698.3","672.46"
1682451948000,"605.21","698.3","672.46"
1682452714000,"605.21","698.3","672.46"
1682454038000,"605.21","698.3","672.46"
1682454848000,"605.21","698.3","672.46"
1682455623000,"605.21","698.3","672.46"
1682456394000,"605.21","698.3","672.46"
1682457485000,"605.21","698.3","672.46"
1682458267000,"605.21","698.3","672.46"
1682459046000,"605.21","698.3","672.46"
1682459821000,"605.21","698.3","672.46"
1682461126000,"605.21","698.3","672.46"
1682461916000,"605.21","698.3","672.46"
1682462681000,"605.21","698.3","672.46"
1682463453000,"605.21","698.3","672.46"
1682464736000,"605.21","698.3","672.46"
1682465523000,"605.21","698.3","672.46"
1682466298000,"605.21","698.3","672.46"
1682467072000,"605.21","698.3","672.46"
1682473007000,"603.8","696.67","670.89"
1682475833000,"603.8","696.67","670.89"
1682477117000,"603.8","696.67","670.89"
1682477897000,"603.8","696.67","670.89"
1682479243000,"603.8","696.67","670.89"
1682480044000,"603.8","696.67","670.89"
1682480826000,"603.8","696.67","670.89"
1682481606000,"603.8","696.67","670.89"
1682483104000,"603.8","696.67","670.89"
1682483910000,"603.8","696.67","670.89"
1682484676000,"603.8","696.67","670.89"
1682485846000,"603.8","696.67","670.89"
1682486806000,"603.8","696.67","670.89"
1682487574000,"603.8","696.67","670.89"
1682488340000,"603.8","696.67","670.89"
1682489804000,"603.8","696.67","670.89"
1682490756000,"603.8","696.67","670.89"
1682491524000,"603.8","696.67","670.89"
1682492298000,"603.8","696.67","670.89"
1682493477000,"603.8","696.67","670.89"
1682494250000,"603.8","696.67","670.89"
1682495047000,"603.8","696.67","670.89"
1682495818000,"603.8","696.67","670.89"
1682497457000,"603.8","696.67","670.89"
1682498285000,"603.8","696.67","670.89"
1682499060000,"603.8","696.67","670.89"
1682500221000,"603.8","696.67","670.89"
1682501106000,"603.8","696.67","670.89"
1682501869000,"603.8","696.67","670.89"
1682502651000,"603.8","696.67","670.89"
1682503853000,"603.8","696.67","670.89"
1682504947000,"603.8","696.67","670.89"
1682505722000,"603.8","696.67","670.89"
1682506498000,"603.8","696.67","670.89"
1682507681000,"603.8","696.67","670.89"
1682508449000,"603.8","696.67","670.89"
1682509224000,"603.8","696.67","670.89"
1682509997000,"603.8","696.67","670.89"
1682512107000,"603.8","696.67","670.89"
1682513704000,"603.8","696.67","670.89"
1682515268000,"603.8","696.67","670.89"
1682516046000,"603.8","696.67","670.89"
1682516817000,"603.8","696.67","670.89"
1682517600000,"603.8","696.67","670.89"
1682518868000,"603.8","696.67","670.89"
1682519645000,"603.8","696.67","670.89"
1682520421000,"603.8","696.67","670.89"
1682521197000,"603.8","696.67","670.89"
1682522485000,"603.8","696.67","670.89"
1682523288000,"603.8","696.67","670.89"
1682524053000,"603.8","696.67","670.89"
1682524841000,"603.8","696.67","670.89"
1682526485000,"603.8","696.67","670.89"
1682527375000,"603.8","696.67","670.89"
1682528143000,"603.8","696.67","670.89"
1682529430000,"603.8","696.67","670.89"
1682530200000,"603.8","696.67","670.89"
1682530958000,"603.8","696.67","670.89"
1682531742000,"603.8","696.67","670.89"
1682533390000,"603.8","696.67","670.89"
1682534212000,"603.8","696.67","670.89"
1682534978000,"603.8","696.67","670.89"
1682536006000,"603.8","696.67","670.89"
1682536775000,"603.8","696.67","670.89"
1682537558000,"603.8","696.67","670.89"
1682538322000,"603.8","696.67","670.89"
1682539089000,"603.8","696.67","670.89"
1682540356000,"603.8","696.67","670.89"
1682541136000,"603.8","696.67","670.89"
1682541914000,"603.8","696.67","670.89"
1682542678000,"603.8","696.67","670.89"
1682543817000,"603.8","696.67","670.89"
1682544598000,"603.8","696.67","670.89"
1682545381000,"603.8","696.67","670.89"
1682546149000,"603.8","696.67","670.89"
1682547479000,"603.8","696.67","670.89"
1682548265000,"603.8","696.67","670.89"
1682549029000,"603.8","696.67","670.89"
1682549812000,"603.8","696.67","670.89"
1682551179000,"603.8","696.67","670.89"
1682551980000,"603.8","696.67","670.89"
1682552742000,"603.8","696.67","670.89"
1682553518000,"603.8","696.67","670.89"
1682559529000,"607.92","701.43","675.47"
1682562243000,"607.92","701.43","675.47"
1682563573000,"607.92","701.43","675.47"
1682564334000,"607.92","701.43","675.47"
1682565657000,"608.33","701.89","675.92"
1682566469000,"608.33","701.89","675.92"
1682567242000,"608.33","701.89","675.92"
1682568011000,"608.33","701.89","675.92"
1682569466000,"608.33","701.89","675.92"
1682570269000,"608.33","701.89","675.92"
1682571042000,"608.33","701.89","675.92"
1682572193000,"608.33","701.89","675.92"
1682573198000,"608.33","701.89","675.92"
1682573972000,"608.33","701.89","675.92"
1682574753000,"608.33","701.89","675.92"
1682576252000,"608.33","701.89","675.92"
1682577230000,"608.33","701.89","675.92"
1682577998000,"608.33","701.89","675.92"
1682578777000,"608.33","701.89","675.92"
1682579921000,"608.33","701.89","675.92"
1682580700000,"608.33","701.89","675.92"
1682581482000,"608.33","701.89","675.92"
1682582256000,"608.43","702.01","676.03"
1682583807000,"608.43","702.01","676.03"
1682584576000,"608.43","702.01","676.03"
1682585359000,"608.43","702.01","676.03"
1682586424000,"608.43","702.01","676.03"
1682587352000,"608.43","702.01","676.03"
1682588117000,"608.43","702.01","676.03"
1682588891000,"608.43","702.01","676.03"
1682589881000,"608.43","702.01","676.03"
1682591237000,"608.43","702.01","676.03"
1682592025000,"608.43","702.01","676.03"
1682592792000,"608.43","702.01","676.03"
1682593910000,"608.43","702.01","676.03"
1682594686000,"608.43","702.01","676.03"
1682595465000,"608.43","702.01","676.03"
1682596244000,"608.43","702.01","676.03"
1682597896000,"608.43","702.01","676.03"
1682599602000,"608.43","702.01","676.03"
1682600783000,"608.43","702.01","676.03"
1682602203000,"608.43","702.01","676.03"
1682602975000,"608.43","702.01","676.03"
1682603768000,"608.43","702.01","676.03"
1682605078000,"608.43","702.01","676.03"
1682605849000,"608.43","702.01","676.03"
1682606625000,"608.43","702.01","676.03"
1682607390000,"608.43","702.01","676.03"
1682608713000,"608.43","702.01","676.03"
1682609481000,"608.43","702.01","676.03"
1682610265000,"608.43","702.01","676.03"
1682611029000,"608.43","702.01","676.03"
1682612620000,"608.43","702.01","676.03"
1682613546000,"608.43","702.01","676.03"
1682614311000,"608.43","702.01","676.03"
1682615469000,"608.43","702.01","676.03"
1682616428000,"608.43","702.01","676.03"
1682617204000,"608.43","702.01","676.03"
1682617985000,"608.43","702.01","676.03"
1682619433000,"608.43","702.01","676.03"
1682620272000,"608.43","702.01","676.03"
1682621038000,"608.43","702.01","676.03"
1682621818000,"608.43","702.01","676.03"
1682622900000,"608.43","702.01","676.03"
1682623668000,"608.43","702.01","676.03"
1682624445000,"608.43","702.01","676.03"
1682625214000,"608.43","702.01","676.03"
1682626539000,"608.43","702.01","676.03"
1682627331000,"608.43","702.01","676.03"
1682628108000,"608.43","702.01","676.03"
1682628872000,"608.43","702.01","676.03"
1682630056000,"608.43","702.01","676.03"
1682630833000,"608.43","702.01","676.03"
1682631604000,"608.43","702.01","676.03"
1682632374000,"608.43","702.01","676.03"
1682633494000,"608.43","702.01","676.03"
1682634389000,"608.43","702.01","676.03"
1682635162000,"608.43","702.01","676.03"
1682635928000,"608.43","702.01","676.03"
1682637176000,"608.43","702.01","676.03"
1682637947000,"608.43","702.01","676.03"
1682638720000,"608.43","702.01","676.03"
1682639492000,"608.43","702.01","676.03"
1682643590000,"608.43","702.01","676.03"
1682647798000,"607.36","700.77","674.84"
1682649650000,"607.36","700.77","674.84"
1682650427000,"607.36","700.77","674.84"
1682651785000,"607.36","700.77","674.84"
1682652552000,"607.36","700.77","674.84"
1682653328000,"607.36","700.77","674.84"
1682654095000,"607.36","700.77","674.84"
1682655645000,"607.36","700.77","674.84"
1682656466000,"607.36","700.77","674.84"
1682657245000,"607.36","700.77","674.84"
1682658026000,"607.36","700.77","674.84"
1682659283000,"607.36","700.77","674.84"
1682660072000,"607.36","700.77","674.84"
1682660840000,"607.36","700.77","674.84"
1682661614000,"607.36","700.77","674.84"
1682663161000,"607.36","700.77","674.84"
1682663977000,"607.36","700.77","674.84"
1682664745000,"607.36","700.77","674.84"
1682665925000,"606.29","699.54","673.66"
1682666695000,"606.29","699.54","673.66"
1682667465000,"606.29","699.54","673.66"
1682668239000,"606.29","699.54","673.66"
1682669557000,"606.29","699.54","673.66"
1682670611000,"606.29","699.54","673.66"
1682671381000,"606.29","699.54","673.66"
1682672148000,"606.29","699.54","673.66"
1682673483000,"606.29","699.54","673.66"
1682674254000,"606.29","699.54","673.66"
1682675023000,"606.29","699.54","673.66"
1682675789000,"606.29","699.54","673.66"
1682677234000,"606.29","699.54","673.66"
1682678017000,"606.29","699.54","673.66"
1682678783000,"606.29","699.54","673.66"
1682679547000,"606.29","699.54","673.66"
1682680583000,"606.29","699.54","673.66"
1682681359000,"606.29","699.54","673.66"
1682682131000,"606.29","699.54","673.66"
1682682896000,"606.29","699.54","673.66"
1682685159000,"606.29","699.54","673.66"
1682686519000,"606.29","699.54","673.66"
1682688030000,"606.29","699.54","673.66"
1682688819000,"606.29","699.54","673.66"
1682689606000,"606.29","699.54","673.66"
1682690372000,"606.29","699.54","673.66"
1682691605000,"606.29","699.54","673.66"
1682692364000,"606.29","699.54","673.66"
1682693155000,"606.29","699.54","673.66"
1682693927000,"606.29","699.54","673.66"
1682695231000,"606.29","699.54","673.66"
1682696036000,"606.29","699.54","673.66"
1682696803000,"606.29","699.54","673.66"
1682697573000,"606.29","699.54","673.66"
1682699092000,"606.29","699.54","673.66"
1682700003000,"606.29","699.54","673.66"
1682700771000,"606.29","699.54","673.66"
1682701941000,"606.29","699.54","673.66"
1682702722000,"606.29","699.54","673.66"
1682703490000,"606.29","699.54","673.66"
1682704267000,"606.29","699.54","673.66"
1682705550000,"606.29","699.54","673.66"
1682706547000,"606.29","699.54","673.66"
1682707317000,"606.29","699.54","673.66"
1682708086000,"606.29","699.54","673.66"
1682709230000,"606.29","699.54","673.66"
1682709995000,"606.29","699.54","673.66"
1682710767000,"606.29","699.54","673.66"
1682711531000,"606.29","699.54","673.66"
1682712761000,"606.29","699.54","673.66"
1682713529000,"606.29","699.54","673.66"
1682714301000,"606.29","699.54","673.66"
1682715079000,"606.29","699.54","673.66"
1682716152000,"606.29","699.54","673.66"
1682716922000,"606.29","699.54","673.66"
1682717694000,"606.29","699.54","673.66"
1682718468000,"606.29","699.54","673.66"
1682719270000,"606.29","699.54","673.66"
1682720485000,"606.29","699.54","673.66"
1682721268000,"606.29","699.54","673.66"
1682722034000,"606.29","699.54","673.66"
1682722802000,"606.29","699.54","673.66"
1682724001000,"606.29","699.54","673.66"
1682724808000,"606.29","699.54","673.66"
1682725572000,"606.29","699.54","673.66"
1682726337000,"606.29","699.54","673.66"
1682732250000,"606.29","699.54","673.66"
1682734954000,"606.29","699.54","673.66"
1682736149000,"606.29","699.54","673.66"
1682736917000,"606.29","699.54","673.66"
1682738300000,"606.29","699.54","673.66"
1682739079000,"606.29","699.54","673.66"
1682739846000,"606.29","699.54","673.66"
1682740611000,"606.29","699.54","673.66"
1682742155000,"606.29","699.54","673.66"
1682742924000,"606.29","699.54","673.66"
1682743687000,"606.29","699.54","673.66"
1682744571000,"606.29","699.54","673.66"
1682745711000,"606.29","699.54","673.66"
1682746496000,"606.29","699.54","673.66"
1682747270000,"606.29","699.54","673.66"
1682748138000,"606.29","699.54","673.66"
1682749505000,"606.29","699.54","673.66"
1682750264000,"606.29","699.54","673.66"
1682751034000,"606.29","699.54","673.66"
1682752159000,"606.29","699.54","673.66"
1682752972000,"606.29","699.54","673.66"
1682753748000,"606.29","699.54","673.66"
1682754528000,"606.29","699.54","673.66"
1682755655000,"606.29","699.54","673.66"
1682756777000,"606.29","699.54","673.66"
1682757544000,"606.29","699.54","673.66"
1682758323000,"606.29","699.54","673.66"
1682759467000,"606.29","699.54","673.66"
1682760231000,"606.29","699.54","673.66"
1682761001000,"606.29","699.54","673.66"
1682761777000,"606.29","699.54","673.66"
1682762876000,"606.29","699.54","673.66"
1682763944000,"606.29","699.54","673.66"
1682764729000,"606.29","699.54","673.66"
1682765501000,"606.29","699.54","673.66"
1682766542000,"606.29","699.54","673.66"
1682767308000,"606.29","699.54","673.66"
1682768079000,"606.29","699.54","673.66"
1682768848000,"606.29","699.54","673.66"
1682769613000,"606.29","699.54","673.66"
1682771701000,"606.29","699.54","673.66"
1682772890000,"606.29","699.54","673.66"
1682774275000,"606.29","699.54","673.66"
1682775049000,"606.29","699.54","673.66"
1682775827000,"606.29","699.54","673.66"
1682776593000,"606.29","699.54","673.66"
1682777772000,"606.29","699.54","673.66"
1682778545000,"606.29","699.54","673.66"
1682779318000,"606.29","699.54","673.66"
1682780085000,"606.29","699.54","673.66"
1682781353000,"606.29","699.54","673.66"
1682782123000,"606.29","699.54","673.66"
1682782893000,"606.29","699.54","673.66"
1682783673000,"606.29","699.54","673.66"
1682785216000,"606.29","699.54","673.66"
1682786135000,"606.29","699.54","673.66"
1682786902000,"606.29","699.54","673.66"
1682787780000,"606.29","699.54","673.66"
1682788864000,"606.29","699.54","673.66"
1682789628000,"606.29","699.54","673.66"
1682790402000,"606.29","699.54","673.66"
1682791171000,"606.29","699.54","673.66"
1682792575000,"606.29","699.54","673.66"
1682793348000,"606.29","699.54","673.66"
1682794119000,"606.29","699.54","673.66"
1682795006000,"606.29","699.54","673.66"
1682795778000,"606.29","699.54","673.66"
1682796548000,"606.29","699.54","673.66"
1682797328000,"606.29","699.54","673.66"
1682798096000,"606.29","699.54","673.66"
1682799438000,"606.29","699.54","673.66"
1682800215000,"606.29","699.54","673.66"
1682800997000,"606.29","699.54","673.66"
1682801761000,"606.29","699.54","673.66"
1682802934000,"606.29","699.54","673.66"
1682803699000,"606.29","699.54","673.66"
1682804482000,"606.29","699.54","673.66"
1682805243000,"606.29","699.54","673.66"
1682806442000,"606.29","699.54","673.66"
1682807239000,"606.29","699.54","673.66"
1682808009000,"606.29","699.54","673.66"
1682808790000,"606.29","699.54","673.66"
1682809999000,"606.29","699.54","673.66"
1682810773000,"606.29","699.54","673.66"
1682811548000,"606.29","699.54","673.66"
1682812308000,"606.29","699.54","673.66"
1682816820000,"606.29","699.54","673.66"
1682820705000,"606.29","699.54","673.66"
1682822398000,"606.29","699.54","673.66"
1682823166000,"606.29","699.54","673.66"
1682824406000,"606.29","699.54","673.66"
1682825181000,"606.29","699.54","673.66"
1682825946000,"606.29","699.54","673.66"
1682826710000,"606.29","699.54","673.66"
1682828026000,"606.29","699.54","673.66"
1682828981000,"606.29","699.54","673.66"
1682829759000,"606.29","699.54","673.66"
1682830533000,"606.29","699.54","673.66"
1682831802000,"606.29","699.54","673.66"
1682832568000,"606.29","699.54","673.66"
1682833337000,"606.29","699.54","673.66"
1682834108000,"606.29","699.54","673.66"
1682835696000,"606.29","699.54","673.66"
1682836478000,"606.29","699.54","673.66"
1682837264000,"606.29","699.54","673.66"
1682838038000,"606.29","699.54","673.66"
1682839048000,"606.29","699.54","673.66"
1682839835000,"606.29","699.54","673.66"
1682840595000,"606.29","699.54","673.66"
1682841378000,"606.29","699.54","673.66"
1682842897000,"606.29","699.54","673.66"
1682843679000,"606.29","699.54","673.66"
1682844446000,"606.29","699.54","673.66"
1682845212000,"606.29","699.54","673.66"
1682846300000,"606.29","699.54","673.66"
1682847087000,"606.29","699.54","673.66"
1682847854000,"606.29","699.54","673.66"
1682848619000,"606.29","699.54","673.66"
1682849976000,"606.29","699.54","673.66"
1682850752000,"606.29","699.54","673.66"
1682851516000,"606.29","699.54","673.66"
1682852282000,"606.29","699.54","673.66"
1682853319000,"606.29","699.54","673.66"
1682854089000,"606.29","699.54","673.66"
1682854868000,"606.29","699.54","673.66"
1682855632000,"606.29","699.54","673.66"
1682857667000,"606.29","699.54","673.66"
1682859042000,"606.29","699.54","673.66"
1682860206000,"606.29","699.54","673.66"
1682861067000,"606.29","699.54","673.66"
1682861837000,"606.29","699.54","673.66"
1682862606000,"606.29","699.54","673.66"
1682863628000,"606.29","699.54","673.66"
1682864577000,"606.29","699.54","673.66"
1682865362000,"606.29","699.54","673.66"
1682866138000,"606.29","699.54","673.66"
1682867161000,"606.29","699.54","673.66"
1682868145000,"606.29","699.54","673.66"
1682868917000,"606.29","699.54","673.66"
1682869691000,"606.29","699.54","673.66"
1682870660000,"606.29","699.54","673.66"
1682872047000,"606.29","699.54","673.66"
1682872816000,"606.29","699.54","673.66"
1682873596000,"606.29","699.54","673.66"
1682874701000,"606.29","699.54","673.66"
1682875543000,"606.29","699.54","673.66"
1682876312000,"606.29","699.54","673.66"
1682877083000,"606.29","699.54","673.66"
1682878351000,"606.29","699.54","673.66"
1682879276000,"606.29","699.54","673.66"
1682880055000,"606.29","699.54","673.66"
1682880830000,"606.29","699.54","673.66"
1682881900000,"606.29","699.54","673.66"
1682882680000,"606.29","699.54","673.66"
1682883454000,"606.29","699.54","673.66"
1682884220000,"606.29","699.54","673.66"
1682885340000,"606.29","699.54","673.66"
1682886206000,"606.29","699.54","673.66"
1682886996000,"606.29","699.54","673.66"
1682887761000,"606.29","699.54","673.66"
1682888766000,"606.29","699.54","673.66"
1682889574000,"606.29","699.54","673.66"
1682890356000,"606.29","699.54","673.66"
1682891120000,"606.29","699.54","673.66"
1682891890000,"606.29","699.54","673.66"
1682893122000,"606.29","699.54","673.66"
1682893898000,"606.29","699.54","673.66"
1682894686000,"606.29","699.54","673.66"
1682895462000,"606.29","699.54","673.66"
1682896697000,"606.29","699.54","673.66"
1682897476000,"606.29","699.54","673.66"
1682898253000,"606.29","699.54","673.66"
1682899054000,"606.29","699.54","673.66"
1682905196000,"606.29","699.54","673.66"
1682907932000,"606.29","699.54","673.66"
1682909201000,"606.29","699.54","673.66"
1682909980000,"606.29","699.54","673.66"
1682911316000,"606.29","699.54","673.66"
1682912103000,"606.29","699.54","673.66"
1682912870000,"606.29","699.54","673.66"
1682913767000,"606.29","699.54","673.66"
1682915165000,"606.29","699.54","673.66"
1682915944000,"606.29","699.54","673.66"
1682916723000,"606.29","699.54","673.66"
1682917919000,"606.29","699.54","673.66"
1682918821000,"606.29","699.54","673.66"
1682919612000,"606.29","699.54","673.66"
1682920375000,"606.29","699.54","673.66"
1682921883000,"606.29","699.54","673.66"
1682922805000,"606.29","699.54","673.66"
1682923566000,"606.29","699.54","673.66"
1682924343000,"606.29","699.54","673.66"
1682925532000,"606.29","699.54","673.66"
1682926317000,"606.29","699.54","673.66"
1682927090000,"606.29","699.54","673.66"
1682927855000,"606.29","699.54","673.66"
1682929446000,"606.29","699.54","673.66"
1682930226000,"606.29","699.54","673.66"
1682930990000,"606.29","699.54","673.66"
1682932129000,"606.29","699.54","673.66"
1682933054000,"606.29","699.54","673.66"
1682933825000,"606.29","699.54","673.66"
1682934604000,"606.29","699.54","673.66"
1682935773000,"606.29","699.54","673.66"
1682936905000,"606.29","699.54","673.66"
1682937680000,"606.29","699.54","673.66"
1682938447000,"606.29","699.54","673.66"
1682939593000,"606.29","699.54","673.66"
1682940366000,"606.29","699.54","673.66"
1682941141000,"606.29","699.54","673.66"
1682941906000,"606.29","699.54","673.66"
1682943732000,"606.29","699.54","673.66"
1682945379000,"606.29","699.54","673.66"
1682946595000,"606.29","699.54","673.66"
1682947564000,"606.29","699.54","673.66"
1682948351000,"606.29","699.54","673.66"
1682949113000,"606.29","699.54","673.66"
1682950258000,"606.29","699.54","673.66"
1682951182000,"606.29","699.54","673.66"
1682951963000,"606.29","699.54","673.66"
1682952736000,"606.29","699.54","673.66"
1682953946000,"606.29","699.54","673.66"
1682954759000,"606.29","699.54","673.66"
1682955541000,"606.29","699.54","673.66"
1682956323000,"606.29","699.54","673.66"
1682957759000,"606.29","699.54","673.66"
1682958923000,"606.29","699.54","673.66"
1682959683000,"606.29","699.54","673.66"
1682960544000,"606.29","699.54","673.66"
1682961688000,"606.29","699.54","673.66"
1682962474000,"606.29","699.54","673.66"
1682963248000,"606.29","699.54","673.66"
1682964019000,"606.29","699.54","673.66"
1682965480000,"606.29","699.54","673.66"
1682966265000,"606.29","699.54","673.66"
1682967044000,"606.29","699.54","673.66"
1682968078000,"606.29","699.54","673.66"
1682968843000,"606.29","699.54","673.66"
1682969617000,"606.29","699.54","673.66"
1682970397000,"606.29","699.54","673.66"
1682971163000,"606.29","699.54","673.66"
1682972437000,"606.29","699.54","673.66"
1682973249000,"606.29","699.54","673.66"
1682974019000,"606.29","699.54","673.66"
1682974795000,"606.29","699.54","673.66"
1682975852000,"606.29","699.54","673.66"
1682976619000,"606.29","699.54","673.66"
1682977384000,"606.29","699.54","673.66"
1682978156000,"606.29","699.54","673.66"
1682979495000,"606.29","699.54","673.66"
1682980269000,"606.29","699.54","673.66"
1682981039000,"606.29","699.54","673.66"
1682981808000,"606.29","699.54","673.66"
1682983225000,"606.29","699.54","673.66"
1682984034000,"606.29","699.54","673.66"
1682984807000,"606.29","699.54","673.66"
1682985574000,"606.29","699.54","673.66"
1682991509000,"606.29","699.54","673.66"
1682994239000,"606.29","699.54","673.66"
1682995533000,"606.29","699.54","673.66"
1682996307000,"606.29","699.54","673.66"
1682997648000,"606.29","699.54","673.66"
1682998455000,"606.29","699.54","673.66"
1682999239000,"606.29","699.54","673.66"
1683000001000,"606.29","699.54","673.66"
1683001436000,"606.29","699.54","673.66"
1683002213000,"606.29","699.54","673.66"
1683004089000,"606.29","699.54","673.66"
1683005115000,"606.29","699.54","673.66"
1683005899000,"606.29","699.54","673.66"
1683006677000,"606.29","699.54","673.66"
1683008055000,"606.29","699.54","673.66"
1683009084000,"606.29","699.54","673.66"
1683009864000,"606.29","699.54","673.66"
1683010635000,"606.29","699.54","673.66"
1683011827000,"606.29","699.54","673.66"
1683012601000,"606.29","699.54","673.66"
1683013373000,"606.29","699.54","673.66"
1683014137000,"606.29","699.54","673.66"
1683015759000,"606.29","699.54","673.66"
1683016540000,"606.29","699.54","673.66"
1683017312000,"606.29","699.54","673.66"
1683018362000,"606.29","699.54","673.66"
1683019359000,"606.29","699.54","673.66"
1683020134000,"606.29","699.54","673.66"
1683020913000,"606.29","699.54","673.66"
1683022008000,"606.29","699.54","673.66"
1683023236000,"606.29","699.54","673.66"
1683024009000,"606.29","699.54","673.66"
1683024795000,"606.29","699.54","673.66"
1683025912000,"606.29","699.54","673.66"
1683026682000,"606.29","699.54","673.66"
1683027456000,"606.29","699.54","673.66"
1683028223000,"606.29","699.54","673.66"
1683029883000,"606.29","699.54","673.66"
1683031705000,"606.29","699.54","673.66"
1683032958000,"606.29","699.54","673.66"
1683034037000,"606.29","699.54","673.66"
1683034817000,"606.29","699.54","673.66"
1683035580000,"606.29","699.54","673.66"
1683036771000,"606.29","699.54","673.66"
1683037670000,"606.29","699.54","673.66"
1683038447000,"606.29","699.54","673.66"
1683039212000,"606.29","699.54","673.66"
1683040629000,"606.29","699.54","673.66"
1683041406000,"606.29","699.54","673.66"
1683042187000,"606.29","699.54","673.66"
1683042969000,"606.29","699.54","673.66"
1683044681000,"606.29","699.54","673.66"
1683045631000,"606.29","699.54","673.66"
1683046408000,"606.29","699.54","673.66"
1683047587000,"606.29","699.54","673.66"
1683048397000,"606.29","699.54","673.66"
1683049170000,"606.29","699.54","673.66"
1683049950000,"606.29","699.54","673.66"
1683051359000,"606.29","699.54","673.66"
1683052144000,"606.29","699.54","673.66"
1683052919000,"606.29","699.54","673.66"
1683053690000,"606.29","699.54","673.66"
1683054832000,"606.29","699.54","673.66"
1683055615000,"606.29","699.54","673.66"
1683056375000,"606.29","699.54","673.66"
1683057152000,"606.29","699.54","673.66"
1683058401000,"606.29","699.54","673.66"
1683059172000,"606.29","699.54","673.66"
1683059944000,"606.29","699.54","673.66"
1683060713000,"606.29","699.54","673.66"
1683061830000,"606.29","699.54","673.66"
1683062611000,"606.29","699.54","673.66"
1683063394000,"606.29","699.54","673.66"
1683064154000,"606.29","699.54","673.66"
1683065195000,"606.29","699.54","673.66"
1683066285000,"606.29","699.54","673.66"
1683067058000,"606.29","699.54","673.66"
1683067834000,"606.29","699.54","673.66"
1683068960000,"606.29","699.54","673.66"
1683069825000,"606.29","699.54","673.66"
1683070605000,"606.29","699.54","673.66"
1683071372000,"606.29","699.54","673.66"
1683074428000,"606.29","699.54","673.66"
1683078800000,"606.29","699.54","673.66"
1683080999000,"606.29","699.54","673.66"
1683081932000,"606.29","699.54","673.66"
1683082700000,"606.29","699.54","673.66"
1683084052000,"606.29","699.54","673.66"
1683084857000,"606.29","699.54","673.66"
1683085635000,"606.29","699.54","673.66"
1683086398000,"606.29","699.54","673.66"
1683087839000,"606.29","699.54","673.66"
1683088614000,"606.29","699.54","673.66"
1683089377000,"606.29","699.54","673.66"
1683090477000,"606.29","699.54","673.66"
1683091517000,"606.29","699.54","673.66"
1683092288000,"606.29","699.54","673.66"
1683093062000,"606.29","699.54","673.66"
1683094396000,"606.29","699.54","673.66"
1683095427000,"606.29","699.54","673.66"
1683096203000,"606.29","699.54","673.66"
1683096971000,"606.29","699.54","673.66"
1683098280000,"606.29","699.54","673.66"
1683099052000,"606.29","699.54","673.66"
1683099839000,"606.29","699.54","673.66"
1683100599000,"606.29","699.54","673.66"
1683102173000,"606.29","699.54","673.66"
1683102946000,"606.29","699.54","673.66"
1683103733000,"606.29","699.54","673.66"
1683104792000,"606.29","699.54","673.66"
1683105748000,"606.29","699.54","673.66"
1683106525000,"606.29","699.54","673.66"
1683107299000,"606.29","699.54","673.66"
1683108314000,"606.29","699.54","673.66"
1683109577000,"606.29","699.54","673.66"
1683110352000,"606.29","699.54","673.66"
1683111118000,"606.29","699.54","673.66"
1683112205000,"606.29","699.54","673.66"
1683112988000,"606.29","699.54","673.66"
1683113752000,"606.29","699.54","673.66"
1683114519000,"606.29","699.54","673.66"
1683115889000,"606.29","699.54","673.66"
1683117912000,"606.29","699.54","673.66"
1683119046000,"606.29","699.54","673.66"
1683120275000,"606.29","699.54","673.66"
1683121053000,"606.29","699.54","673.66"
1683121833000,"606.29","699.54","673.66"
1683122935000,"606.29","699.54","673.66"
1683123950000,"606.29","699.54","673.66"
1683124724000,"606.29","699.54","673.66"
1683125522000,"606.29","699.54","673.66"
1683126733000,"606.29","699.54","673.66"
1683127583000,"606.29","699.54","673.66"
1683128362000,"606.29","699.54","673.66"
1683129127000,"606.29","699.54","673.66"
1683130549000,"606.29","699.54","673.66"
1683131721000,"606.29","699.54","673.66"
1683132508000,"606.29","699.54","673.66"
1683133367000,"606.29","699.54","673.66"
1683134471000,"606.29","699.54","673.66"
1683135249000,"606.29","699.54","673.66"
1683136017000,"606.29","699.54","673.66"
1683136782000,"606.29","699.54","673.66"
1683138252000,"606.29","699.54","673.66"
1683139022000,"606.29","699.54","673.66"
1683139795000,"606.29","699.54","673.66"
1683140795000,"606.29","699.54","673.66"
1683141573000,"606.29","699.54","673.66"
1683142358000,"606.29","699.54","673.66"
1683143128000,"606.29","699.54","673.66"
1683143901000,"606.29","699.54","673.66"
1683145204000,"606.29","699.54","673.66"
1683146009000,"606.29","699.54","673.66"
1683146775000,"606.29","699.54","673.66"
1683147542000,"606.29","699.54","673.66"
1683148671000,"606.29","699.54","673.66"
1683149445000,"606.29","699.54","673.66"
1683150210000,"606.29","699.54","673.66"
1683150973000,"606.29","699.54","673.66"
1683152274000,"606.29","699.54","673.66"
1683153042000,"606.29","699.54","673.66"
1683153828000,"606.29","699.54","673.66"
1683154601000,"606.29","699.54","673.66"
1683155907000,"606.29","699.54","673.66"
1683156702000,"606.29","699.54","673.66"
1683157480000,"606.29","699.54","673.66"
1683158241000,"606.29","699.54","673.66"
1683164055000,"612.64","707.17","680.71"
1683166875000,"612.64","707.17","680.71"
1683168160000,"612.64","707.17","680.71"
1683168925000,"612.64","707.17","680.71"
1683170327000,"612.64","707.17","680.71"
1683171101000,"612.64","707.17","680.71"
1683171887000,"612.64","707.17","680.71"
1683172653000,"612.64","707.17","680.71"
1683174192000,"612.64","707.17","680.71"
1683174983000,"612.64","707.17","680.71"
1683175758000,"612.64","707.17","680.71"
1683176840000,"612.64","707.17","680.71"
1683177921000,"612.64","707.17","680.71"
1683178682000,"612.64","707.17","680.71"
1683179458000,"612.64","707.17","680.71"
1683180813000,"612.64","707.17","680.71"
1683181845000,"612.64","707.17","680.71"
1683182612000,"612.64","707.17","680.71"
1683183380000,"612.64","707.17","680.71"
1683184659000,"612.64","707.17","680.71"
1683185434000,"612.64","707.17","680.71"
1683186201000,"612.64","707.17","680.71"
1683186979000,"612.64","707.17","680.71"
1683188623000,"612.64","707.17","680.71"
1683189410000,"612.64","707.17","680.71"
1683190191000,"612.64","707.17","680.71"
1683191303000,"612.64","707.17","680.71"
1683192224000,"612.64","707.17","680.71"
1683192998000,"611.94","706.36","679.93"
1683193771000,"611.94","706.36","679.93"
1683194898000,"611.94","706.36","679.93"
1683196078000,"611.94","706.36","679.93"
1683196850000,"611.94","706.36","679.93"
1683197626000,"611.94","706.36","679.93"
1683198800000,"611.94","706.36","679.93"
1683199568000,"611.94","706.36","679.93"
1683200344000,"611.94","706.36","679.93"
1683201122000,"611.94","706.36","679.93"
1683203000000,"611.94","706.36","679.93"
1683204696000,"611.94","706.36","679.93"
1683206061000,"611.94","706.36","679.93"
1683207108000,"611.94","706.36","679.93"
1683207883000,"611.94","706.36","679.93"
1683208646000,"611.94","706.36","679.93"
1683209958000,"611.94","706.36","679.93"
1683210751000,"611.94","706.36","679.93"
1683212289000,"611.94","706.36","679.93"
1683213639000,"611.94","706.36","679.93"
1683214456000,"611.94","706.36","679.93"
1683215226000,"611.94","706.36","679.93"
1683216893000,"611.94","706.36","679.93"
1683218595000,"611.94","706.36","679.93"
1683219371000,"611.94","706.36","679.93"
1683220608000,"611.94","706.36","679.93"
1683221368000,"611.94","706.36","679.93"
1683222148000,"611.94","706.36","679.93"
1683222919000,"611.94","706.36","679.93"
1683224510000,"611.94","706.36","679.93"
1683225295000,"611.94","706.36","679.93"
1683226068000,"611.94","706.36","679.93"
1683226857000,"611.94","706.36","679.93"
1683227773000,"611.94","706.36","679.93"
1683228546000,"611.94","706.36","679.93"
1683229310000,"611.94","706.36","679.93"
1683230078000,"611.94","706.36","679.93"
1683231445000,"611.94","706.36","679.93"
1683232211000,"611.94","706.36","679.93"
1683232981000,"611.94","706.36","679.93"
1683233772000,"611.94","706.36","679.93"
1683234961000,"611.94","706.36","679.93"
1683235736000,"611.94","706.36","679.93"
1683236511000,"611.94","706.36","679.93"
1683237287000,"611.94","706.36","679.93"
1683238562000,"611.94","706.36","679.93"
1683239335000,"611.94","706.36","679.93"
1683240117000,"611.94","706.36","679.93"
1683240888000,"611.94","706.36","679.93"
1683242259000,"611.94","706.36","679.93"
1683243037000,"611.94","706.36","679.93"
1683243816000,"611.94","706.36","679.93"
1683244579000,"611.94","706.36","679.93"
1683249922000,"613.21","707.53","681.34"
1683253069000,"613.21","707.53","681.34"
1683254415000,"613.21","707.53","681.34"
1683255187000,"613.21","707.53","681.34"
1683256487000,"613.21","707.53","681.34"
1683257279000,"613.21","707.53","681.34"
1683258047000,"613.21","707.53","681.34"
1683258817000,"613.21","707.53","681.34"
1683260273000,"613.21","707.53","681.34"
1683261080000,"613.21","707.53","681.34"
1683261851000,"613.21","707.53","681.34"
1683262636000,"613.21","707.53","681.34"
1683263933000,"613.21","707.53","681.34"
1683264705000,"613.21","707.53","681.34"
1683265473000,"613.21","707.53","681.34"
1683266242000,"613.21","707.53","681.34"
1683267882000,"613.21","707.53","681.34"
1683268692000,"613.21","707.53","681.34"
1683269473000,"613.21","707.53","681.34"
1683270591000,"613.21","707.53","681.34"
1683271357000,"613.21","707.53","681.34"
1683272130000,"613.21","707.53","681.34"
1683272914000,"613.21","707.53","681.34"
1683274061000,"613.21","707.53","681.34"
1683275233000,"613.21","707.53","681.34"
1683276012000,"613.21","707.53","681.34"
1683276789000,"613.21","707.53","681.34"
1683278005000,"613.21","707.53","681.34"
1683278774000,"613.21","707.53","681.34"
1683279544000,"613.21","707.53","681.34"
1683280316000,"613.21","707.53","681.34"
1683281567000,"613.21","707.53","681.34"
1683282600000,"613.21","707.53","681.34"
1683283378000,"613.21","707.53","681.34"
1683284144000,"613.21","707.53","681.34"
1683285332000,"613.21","707.53","681.34"
1683286118000,"613.21","707.53","681.34"
1683286887000,"613.21","707.53","681.34"
1683287652000,"613.21","707.53","681.34"
1683289803000,"613.21","707.53","681.34"
1683291250000,"613.21","707.53","681.34"
1683292724000,"613.21","707.53","681.34"
1683293505000,"613.21","707.53","681.34"
1683294274000,"613.21","707.53","681.34"
1683295048000,"613.21","707.53","681.34"
1683296291000,"613.21","707.53","681.34"
1683297072000,"613.21","707.53","681.34"
1683297847000,"613.21","707.53","681.34"
1683298620000,"613.21","707.53","681.34"
1683299948000,"613.21","707.53","681.34"
1683300740000,"613.21","707.53","681.34"
1683301521000,"613.21","707.53","681.34"
1683302287000,"613.21","707.53","681.34"
1683303933000,"613.21","707.53","681.34"
1683304849000,"613.21","707.53","681.34"
1683305619000,"613.21","707.53","681.34"
1683306784000,"613.21","707.53","681.34"
1683307573000,"613.21","707.53","681.34"
1683308337000,"613.21","707.53","681.34"
1683309116000,"613.21","707.53","681.34"
1683310454000,"613.21","707.53","681.34"
1683311355000,"613.21","707.53","681.34"
1683312141000,"613.21","707.53","681.34"
1683312909000,"613.21","707.53","681.34"
1683314037000,"613.21","707.53","681.34"
1683314809000,"613.21","707.53","681.34"
1683315578000,"613.21","707.53","681.34"
1683316346000,"613.21","707.53","681.34"
1683317588000,"613.21","707.53","681.34"
1683318369000,"613.21","707.53","681.34"
1683319147000,"613.21","707.53","681.34"
1683319910000,"613.21","707.53","681.34"
1683321009000,"613.21","707.53","681.34"
1683321786000,"613.21","707.53","681.34"
1683322557000,"613.21","707.53","681.34"
1683323333000,"613.21","707.53","681.34"
1683324366000,"613.21","707.53","681.34"
1683325462000,"613.21","707.53","681.34"
1683326241000,"613.21","707.53","681.34"
1683327015000,"613.21","707.53","681.34"
1683328141000,"613.21","707.53","681.34"
1683329050000,"613.21","707.53","681.34"
1683329833000,"613.21","707.53","681.34"
1683330611000,"613.21","707.53","681.34"
1683333820000,"613.21","707.53","681.34"
1683337695000,"613.21","707.53","681.34"
1683339663000,"613.21","707.53","681.34"
1683340779000,"613.21","707.53","681.34"
1683341563000,"613.21","707.53","681.34"
1683342820000,"613.21","707.53","681.34"
1683343581000,"613.21","707.53","681.34"
1683344344000,"613.21","707.53","681.34"
1683345118000,"613.21","707.53","681.34"
1683346438000,"613.21","707.53","681.34"
1683347381000,"613.21","707.53","681.34"
1683348148000,"613.21","707.53","681.34"
1683348926000,"613.21","707.53","681.34"
1683350198000,"613.21","707.53","681.34"
1683350970000,"613.21","707.53","681.34"
1683351747000,"613.21","707.53","681.34"
1683352515000,"613.21","707.53","681.34"
1683354100000,"613.21","707.53","681.34"
1683354872000,"613.21","707.53","681.34"
1683355638000,"613.21","707.53","681.34"
1683356407000,"613.21","707.53","681.34"
1683357481000,"613.21","707.53","681.34"
1683358261000,"613.21","707.53","681.34"
1683359031000,"613.21","707.53","681.34"
1683359798000,"613.21","707.53","681.34"
1683361271000,"613.21","707.53","681.34"
1683362051000,"613.21","707.53","681.34"
1683362822000,"613.21","707.53","681.34"
1683363592000,"613.21","707.53","681.34"
1683364685000,"613.21","707.53","681.34"
1683365457000,"613.21","707.53","681.34"
1683366235000,"613.21","707.53","681.34"
1683367010000,"613.21","707.53","681.34"
1683368384000,"613.21","707.53","681.34"
1683369174000,"613.21","707.53","681.34"
1683369943000,"613.21","707.53","681.34"
1683370713000,"613.21","707.53","681.34"
1683371749000,"613.21","707.53","681.34"
1683372522000,"613.21","707.53","681.34"
1683373300000,"613.21","707.53","681.34"
1683374068000,"613.21","707.53","681.34"
1683376174000,"613.21","707.53","681.34"
1683377516000,"613.21","707.53","681.34"
1683378746000,"613.21","707.53","681.34"
1683379519000,"613.21","707.53","681.34"
1683380298000,"613.21","707.53","681.34"
1683381065000,"613.21","707.53","681.34"
1683382107000,"613.21","707.53","681.34"
1683383031000,"613.21","707.53","681.34"
1683383814000,"613.21","707.53","681.34"
1683384577000,"613.21","707.53","681.34"
1683385624000,"613.21","707.53","681.34"
1683386530000,"613.21","707.53","681.34"
1683387310000,"613.21","707.53","681.34"
1683388095000,"613.21","707.53","681.34"
1683389059000,"613.21","707.53","681.34"
1683390448000,"613.21","707.53","681.34"
1683391222000,"613.21","707.53","681.34"
1683391992000,"613.21","707.53","681.34"
1683393099000,"613.21","707.53","681.34"
1683393905000,"613.21","707.53","681.34"
1683394664000,"613.21","707.53","681.34"
1683395437000,"613.21","707.53","681.34"
1683396680000,"613.21","707.53","681.34"
1683397680000,"613.21","707.53","681.34"
1683398468000,"613.21","707.53","681.34"
1683399235000,"613.21","707.53","681.34"
1683400285000,"613.21","707.53","681.34"
1683401054000,"613.21","707.53","681.34"
1683401833000,"613.21","707.53","681.34"
1683402601000,"613.21","707.53","681.34"
1683403707000,"613.21","707.53","681.34"
1683404518000,"613.21","707.53","681.34"
1683405303000,"613.21","707.53","681.34"
1683406074000,"613.21","707.53","681.34"
1683406915000,"613.21","707.53","681.34"
1683407874000,"613.21","707.53","681.34"
1683408650000,"613.21","707.53","681.34"
1683409423000,"613.21","707.53","681.34"
1683410198000,"613.21","707.53","681.34"
1683411447000,"613.21","707.53","681.34"
1683412227000,"613.21","707.53","681.34"
1683412988000,"613.21","707.53","681.34"
1683413755000,"613.21","707.53","681.34"
1683415095000,"613.21","707.53","681.34"
1683415877000,"613.21","707.53","681.34"
1683416646000,"613.21","707.53","681.34"
1683417418000,"613.21","707.53","681.34"
1683423770000,"613.21","707.53","681.34"
1683426594000,"613.21","707.53","681.34"
1683427806000,"613.21","707.53","681.34"
1683428949000,"613.21","707.53","681.34"
1683429878000,"613.21","707.53","681.34"
1683430643000,"613.21","707.53","681.34"
1683431425000,"613.21","707.53","681.34"
1683432662000,"613.21","707.53","681.34"
1683433717000,"613.21","707.53","681.34"
1683434498000,"613.21","707.53","681.34"
1683435279000,"613.21","707.53","681.34"
1683436542000,"613.21","707.53","681.34"
1683437308000,"613.21","707.53","681.34"
1683438077000,"613.21","707.53","681.34"
1683438849000,"613.21","707.53","681.34"
1683440372000,"613.21","707.53","681.34"
1683441163000,"613.21","707.53","681.34"
1683441951000,"613.21","707.53","681.34"
1683442737000,"613.21","707.53","681.34"
1683443803000,"613.21","707.53","681.34"
1683444571000,"613.21","707.53","681.34"
1683445347000,"613.21","707.53","681.34"
1683446114000,"613.21","707.53","681.34"
1683447601000,"613.21","707.53","681.34"
1683448372000,"613.21","707.53","681.34"
1683449151000,"613.21","707.53","681.34"
1683449923000,"613.21","707.53","681.34"
1683451062000,"613.21","707.53","681.34"
1683451846000,"613.21","707.53","681.34"
1683452622000,"613.21","707.53","681.34"
1683453393000,"613.21","707.53","681.34"
1683454770000,"613.21","707.53","681.34"
1683455553000,"613.21","707.53","681.34"
1683456329000,"613.21","707.53","681.34"
1683457108000,"613.21","707.53","681.34"
1683458098000,"613.21","707.53","681.34"
1683458873000,"613.21","707.53","681.34"
1683459639000,"613.21","707.53","681.34"
1683460407000,"613.21","707.53","681.34"
1683462372000,"613.21","707.53","681.34"
1683463772000,"613.21","707.53","681.34"
1683464865000,"613.21","707.53","681.34"
1683465838000,"613.21","707.53","681.34"
1683466599000,"613.21","707.53","681.34"
1683467375000,"613.21","707.53","681.34"
1683468383000,"613.21","707.53","681.34"
1683469358000,"613.21","707.53","681.34"
1683470132000,"613.21","707.53","681.34"
1683470909000,"613.21","707.53","681.34"
1683471861000,"613.21","707.53","681.34"
1683472899000,"613.21","707.53","681.34"
1683473675000,"613.21","707.53","681.34"
1683474454000,"613.21","707.53","681.34"
1683475228000,"613.21","707.53","681.34"
1683476724000,"613.21","707.53","681.34"
1683477538000,"613.21","707.53","681.34"
1683478307000,"613.21","707.53","681.34"
1683479384000,"613.21","707.53","681.34"
1683480289000,"613.21","707.53","681.34"
1683481053000,"613.21","707.53","681.34"
1683481827000,"613.21","707.53","681.34"
1683483035000,"613.21","707.53","681.34"
1683484025000,"613.21","707.53","681.34"
1683484794000,"613.21","707.53","681.34"
1683485560000,"613.21","707.53","681.34"
1683486611000,"613.21","707.53","681.34"
1683487394000,"613.21","707.53","681.34"
1683488161000,"613.21","707.53","681.34"
1683488941000,"613.21","707.53","681.34"
1683490005000,"613.21","707.53","681.34"
1683490955000,"613.21","707.53","681.34"
1683491737000,"613.21","707.53","681.34"
1683492501000,"613.21","707.53","681.34"
1683493377000,"613.21","707.53","681.34"
1683494320000,"613.21","707.53","681.34"
1683495087000,"613.21","707.53","681.34"
1683495867000,"613.21","707.53","681.34"
1683496637000,"613.21","707.53","681.34"
1683497877000,"613.21","707.53","681.34"
1683498660000,"613.21","707.53","681.34"
1683499427000,"613.21","707.53","681.34"
1683500195000,"613.21","707.53","681.34"
1683501461000,"613.21","707.53","681.34"
1683502226000,"613.21","707.53","681.34"
1683503000000,"613.21","707.53","681.34"
1683503765000,"613.21","707.53","681.34"
1683509749000,"612.02","706.15","680.02"
1683512664000,"612.02","706.15","680.02"
1683513928000,"612.02","706.15","680.02"
1683514691000,"612.02","706.15","680.02"
1683516037000,"612.02","706.15","680.02"
1683516841000,"612.02","706.15","680.02"
1683517615000,"612.02","706.15","680.02"
1683518379000,"612.02","706.15","680.02"
1683519863000,"612.02","706.15","680.02"
1683520633000,"612.02","706.15","680.02"
1683521404000,"612.02","706.15","680.02"
1683522526000,"612.02","706.15","680.02"
1683523560000,"612.02","706.15","680.02"
1683524338000,"612.02","706.15","680.02"
1683525118000,"612.02","706.15","680.02"
1683526537000,"612.02","706.15","680.02"
1683527508000,"612.02","706.15","680.02"
1683528279000,"612.02","706.15","680.02"
1683529052000,"612.02","706.15","680.02"
1683530258000,"612.02","706.15","680.02"
1683531024000,"612.02","706.15","680.02"
1683531797000,"612.02","706.15","680.02"
1683532574000,"612.02","706.15","680.02"
1683534240000,"612.02","706.15","680.02"
1683535023000,"612.02","706.15","680.02"
1683535797000,"612.02","706.15","680.02"
1683536943000,"612.02","706.15","680.02"
1683537851000,"612.02","706.15","680.02"
1683538617000,"612.02","706.15","680.02"
1683539401000,"612.02","706.15","680.02"
1683540557000,"612.02","706.15","680.02"
1683541692000,"612.02","706.15","680.02"
1683542469000,"612.02","706.15","680.02"
1683543239000,"612.02","706.15","680.02"
1683544405000,"612.02","706.15","680.02"
1683545176000,"612.02","706.15","680.02"
1683545946000,"612.02","706.15","680.02"
1683546738000,"612.02","706.15","680.02"
1683548735000,"612.02","706.15","680.02"
1683550402000,"612.02","706.15","680.02"
1683551943000,"612.02","706.15","680.02"
1683552655000,"612.02","706.15","680.02"
1683553424000,"612.02","706.15","680.02"
1683554192000,"612.02","706.15","680.02"
1683555493000,"612.02","706.15","680.02"
1683556265000,"612.02","706.15","680.02"
1683557035000,"612.02","706.15","680.02"
1683557800000,"612.02","706.15","680.02"
1683559178000,"612.02","706.15","680.02"
1683559954000,"612.02","706.15","680.02"
1683560725000,"612.02","706.15","680.02"
1683561499000,"612.02","706.15","680.02"
1683563175000,"612.02","706.15","680.02"
1683564864000,"612.02","706.15","680.02"
1683566059000,"612.02","706.15","680.02"
1683566832000,"612.02","706.15","680.02"
1683567604000,"612.02","706.15","680.02"
1683568366000,"612.02","706.15","680.02"
1683569776000,"612.02","706.15","680.02"
1683570560000,"612.02","706.15","680.02"
1683571336000,"612.02","706.15","680.02"
1683572111000,"612.02","706.15","680.02"
1683573238000,"612.02","706.15","680.02"
1683574004000,"612.02","706.15","680.02"
1683574769000,"612.02","706.15","680.02"
1683575554000,"612.02","706.15","680.02"
1683576755000,"612.02","706.15","680.02"
1683577513000,"612.02","706.15","680.02"
1683578285000,"612.02","706.15","680.02"
1683579065000,"612.02","706.15","680.02"
1683580151000,"612.02","706.15","680.02"
1683580927000,"612.02","706.15","680.02"
1683581714000,"612.02","706.15","680.02"
1683582499000,"612.02","706.15","680.02"
1683583447000,"612.02","706.15","680.02"
1683584619000,"612.02","706.15","680.02"
1683585394000,"612.02","706.15","680.02"
1683586168000,"612.02","706.15","680.02"
1683587283000,"612.02","706.15","680.02"
1683588261000,"612.02","706.15","680.02"
1683589050000,"612.02","706.15","680.02"
1683589817000,"612.02","706.15","680.02"
1683593463000,"612.02","706.15","680.02"
1683597795000,"611.76","705.85","679.73"
1683599851000,"611.76","705.85","679.73"
1683600628000,"614.74","709.3","683.05"
1683601845000,"614.74","709.3","683.05"
1683602740000,"614.74","709.3","683.05"
1683603524000,"614.74","709.3","683.05"
1683604300000,"614.74","709.3","683.05"
1683605628000,"614.74","709.3","683.05"
1683606570000,"614.74","709.3","683.05"
1683607339000,"614.74","709.3","683.05"
1683608120000,"614.74","709.3","683.05"
1683609409000,"614.74","709.3","683.05"
1683610182000,"614.74","709.3","683.05"
1683610952000,"614.74","709.3","683.05"
1683611724000,"614.74","709.3","683.05"
1683613425000,"614.74","709.3","683.05"
1683614246000,"614.74","709.3","683.05"
1683615023000,"614.74","709.3","683.05"
1683616136000,"614.74","709.3","683.05"
1683616918000,"614.74","709.3","683.05"
1683617690000,"614.74","709.3","683.05"
1683618477000,"614.74","709.3","683.05"
1683619620000,"614.74","709.3","683.05"
1683620825000,"614.74","709.3","683.05"
1683621602000,"614.74","709.3","683.05"
1683622362000,"614.74","709.3","683.05"
1683623576000,"614.74","709.3","683.05"
1683624351000,"614.74","709.3","683.05"
1683625119000,"614.74","709.3","683.05"
1683625886000,"614.74","709.3","683.05"
1683627122000,"614.74","709.3","683.05"
1683628196000,"614.74","709.3","683.05"
1683628968000,"614.74","709.3","683.05"
1683629740000,"614.74","709.3","683.05"
1683630917000,"614.74","709.3","683.05"
1683636474000,"614.74","709.3","683.05"
1683639009000,"614.74","709.3","683.05"
1683639998000,"614.74","709.3","683.05"
1683640762000,"614.74","709.3","683.05"
1683642079000,"614.74","709.3","683.05"
1683642869000,"614.74","709.3","683.05"
1683644418000,"614.74","709.3","683.05"
1683645716000,"614.74","709.3","683.05"
1683646504000,"614.74","709.3","683.05"
1683647276000,"614.74","709.3","683.05"
1683648275000,"614.74","709.3","683.05"
1683649740000,"614.74","709.3","683.05"
1683650516000,"614.74","709.3","683.05"
1683651295000,"614.74","709.3","683.05"
1683652525000,"614.74","709.3","683.05"
1683653292000,"614.74","709.3","683.05"
1683654067000,"614.74","709.3","683.05"
1683654832000,"614.74","709.3","683.05"
1683656350000,"614.74","709.3","683.05"
1683657177000,"614.74","709.3","683.05"
1683657955000,"614.74","709.3","683.05"
1683658726000,"614.74","709.3","683.05"
1683659718000,"614.74","709.3","683.05"
1683660505000,"614.74","709.3","683.05"
1683661267000,"614.74","709.3","683.05"
1683662053000,"614.74","709.3","683.05"
1683663390000,"614.74","709.3","683.05"
1683664168000,"614.74","709.3","683.05"
1683664936000,"614.74","709.3","683.05"
1683665713000,"614.74","709.3","683.05"
1683666892000,"614.74","709.3","683.05"
1683667664000,"614.74","709.3","683.05"
1683668430000,"614.74","709.3","683.05"
1683669217000,"614.74","709.3","683.05"
1683670417000,"614.74","709.3","683.05"
1683671286000,"614.74","709.3","683.05"
1683672046000,"614.74","709.3","683.05"
1683672829000,"614.74","709.3","683.05"
1683674104000,"614.74","709.3","683.05"
1683674868000,"614.74","709.3","683.05"
1683675636000,"614.74","709.3","683.05"
1683676410000,"614.74","709.3","683.05"
1683681176000,"616.39","711.2","684.88"
1683684634000,"616.39","711.2","684.88"
1683686354000,"616.39","711.2","684.88"
1683687124000,"616.65","711.5","685.17"
1683688376000,"616.65","711.5","685.17"
1683689178000,"616.65","711.5","685.17"
1683689946000,"616.65","711.5","685.17"
1683690718000,"616.65","711.5","685.17"
1683692035000,"616.65","711.5","685.17"
1683692976000,"616.65","711.5","685.17"
1683693752000,"616.65","711.5","685.17"
1683694521000,"616.65","711.5","685.17"
1683695808000,"616.65","711.5","685.17"
1683696577000,"616.65","711.5","685.17"
1683697355000,"616.65","711.5","685.17"
1683698141000,"616.65","711.5","685.17"
1683699796000,"616.65","711.5","685.17"
1683700590000,"616.65","711.5","685.17"
1683701363000,"616.65","711.5","685.17"
1683702452000,"616.65","711.5","685.17"
1683703279000,"616.65","711.5","685.17"
1683704063000,"616.65","711.5","685.17"
1683704854000,"616.65","711.5","685.17"
1683705618000,"616.65","711.5","685.17"
1683707072000,"616.65","711.5","685.17"
1683707871000,"616.65","711.5","685.17"
1683708643000,"616.65","711.5","685.17"
1683709791000,"616.65","711.5","685.17"
1683710645000,"616.65","711.5","685.17"
1683711420000,"616.65","711.5","685.17"
1683712185000,"616.65","711.5","685.17"
1683713349000,"616.65","711.5","685.17"
1683714495000,"616.65","711.5","685.17"
1683715260000,"616.65","711.5","685.17"
1683716038000,"616.65","711.5","685.17"
1683717145000,"616.65","711.5","685.17"
1683717918000,"616.65","711.5","685.17"
1683718684000,"616.65","711.5","685.17"
1683719460000,"616.65","711.5","685.17"
1683721177000,"616.65","711.5","685.17"
1683722971000,"616.65","711.5","685.17"
1683724672000,"616.65","711.5","685.17"
1683726411000,"616.65","711.5","685.17"
1683727191000,"616.65","711.5","685.17"
1683728666000,"616.65","711.5","685.17"
1683729829000,"616.65","711.5","685.17"
1683730600000,"616.65","711.5","685.17"
1683732354000,"616.65","711.5","685.17"
1683732826000,"616.65","711.5","685.17"
1683733593000,"616.65","711.5","685.17"
1683734341000,"616.65","711.5","685.17"
1683737152000,"616.65","711.5","685.17"
1683740183000,"616.65","711.5","685.17"
1683740925000,"616.65","711.5","685.17"
1683742247000,"616.65","711.5","685.17"
1683743523000,"616.65","711.5","685.17"
1683744339000,"616.65","711.5","685.17"
1683745068000,"616.65","711.5","685.17"
1683746252000,"616.65","711.5","685.17"
1683747769000,"616.65","711.5","685.17"
1683748566000,"616.65","711.5","685.17"
1683750280000,"616.65","711.5","685.17"
1683751109000,"616.65","711.5","685.17"
1683751855000,"616.65","711.5","685.17"
1683753003000,"616.65","711.5","685.17"
1683754728000,"616.65","711.5","685.17"
1683755492000,"616.65","711.5","685.17"
1683756766000,"616.65","711.5","685.17"
1683757970000,"616.65","711.5","685.17"
1683758651000,"616.65","711.5","685.17"
1683759423000,"616.65","711.5","685.17"
1683760773000,"616.65","711.5","685.17"
1683761555000,"616.65","711.5","685.17"
1683762335000,"616.65","711.5","685.17"
1683763105000,"616.65","711.5","685.17"
1683769058000,"617.39","712.35","685.98"
1683771753000,"617.39","712.35","685.98"
1683772980000,"617.39","712.35","685.98"
1683773743000,"617.39","712.35","685.98"
1683775107000,"617.39","712.35","685.98"
1683775899000,"617.39","712.35","685.98"
1683776667000,"617.39","712.35","685.98"
1683777436000,"617.39","712.35","685.98"
1683778939000,"617.39","712.35","685.98"
1683779707000,"617.39","712.35","685.98"
1683780478000,"617.39","712.35","685.98"
1683781324000,"617.39","712.35","685.98"
1683782523000,"617.39","712.35","685.98"
1683783297000,"617.39","712.35","685.98"
1683784073000,"617.39","712.35","685.98"
1683785244000,"617.39","712.35","685.98"
1683786465000,"617.39","712.35","685.98"
1683787221000,"617.39","712.35","685.98"
1683788006000,"617.39","712.35","685.98"
1683789176000,"617.39","712.35","685.98"
1683789950000,"617.39","712.35","685.98"
1683790730000,"614.82","709.39","683.14"
1683791505000,"614.82","709.39","683.14"
1683792853000,"614.82","709.39","683.14"
1683793787000,"614.82","709.39","683.14"
1683794561000,"614.82","709.39","683.14"
1683795325000,"614.82","709.39","683.14"
1683796646000,"614.82","709.39","683.14"
1683797410000,"614.82","709.39","683.14"
1683798189000,"614.82","709.39","683.14"
1683798954000,"614.82","709.39","683.14"
1683800410000,"614.82","709.39","683.14"
1683801189000,"614.82","709.39","683.14"
1683801960000,"614.82","709.39","683.14"
1683802726000,"614.82","709.39","683.14"
1683803765000,"614.82","709.39","683.14"
1683804533000,"614.82","709.39","683.14"
1683805305000,"614.82","709.39","683.14"
1683806070000,"614.82","709.39","683.14"
1683808387000,"614.82","709.39","683.14"
1683809808000,"614.82","709.39","683.14"
1683811546000,"614.82","709.39","683.14"
1683816180000,"614.82","709.39","683.14"
1683816938000,"614.82","709.39","683.14"
1683818353000,"614.82","709.39","683.14"
1683819136000,"614.82","709.39","683.14"
1683819908000,"614.82","709.39","683.14"
1683820686000,"614.82","709.39","683.14"
1683822312000,"614.82","709.39","683.14"
1683823217000,"614.82","709.39","683.14"
1683823990000,"614.82","709.39","683.14"
1683825120000,"614.82","709.39","683.14"
1683825959000,"614.82","709.39","683.14"
1683826733000,"614.82","709.39","683.14"
1683827497000,"614.82","709.39","683.14"
1683828822000,"614.82","709.39","683.14"
1683829761000,"614.82","709.39","683.14"
1683830529000,"614.82","709.39","683.14"
1683831311000,"614.82","709.39","683.14"
1683832405000,"614.82","709.39","683.14"
1683833173000,"614.82","709.39","683.14"
1683833946000,"614.82","709.39","683.14"
1683834710000,"614.82","709.39","683.14"
1683835910000,"614.82","709.39","683.14"
1683836711000,"614.82","709.39","683.14"
1683837495000,"614.82","709.39","683.14"
1683838265000,"614.82","709.39","683.14"
1683839354000,"614.82","709.39","683.14"
1683840142000,"614.82","709.39","683.14"
1683840920000,"614.82","709.39","683.14"
1683841696000,"614.82","709.39","683.14"
1683842585000,"614.82","709.39","683.14"
1683843749000,"614.82","709.39","683.14"
1683844528000,"614.82","709.39","683.14"
1683845293000,"614.82","709.39","683.14"
1683846199000,"614.82","709.39","683.14"
1683847338000,"614.82","709.39","683.14"
1683848114000,"614.82","709.39","683.14"
1683848891000,"614.82","709.39","683.14"
1683851347000,"614.82","709.39","683.14"
1683856057000,"612.82","707.08","680.92"
1683858151000,"612.82","707.08","680.92"
1683859341000,"612.82","707.08","680.92"
1683860115000,"612.82","707.08","680.92"
1683861479000,"612.82","707.08","680.92"
1683862252000,"612.82","707.08","680.92"
1683863033000,"612.82","707.08","680.92"
1683863812000,"612.82","707.08","680.92"
1683865331000,"612.82","707.08","680.92"
1683866133000,"612.82","707.08","680.92"
1683866906000,"612.82","707.08","680.92"
1683867870000,"612.82","707.08","680.92"
1683869020000,"612.82","707.08","680.92"
1683869788000,"612.82","707.08","680.92"
1683870564000,"612.82","707.08","680.92"
1683871805000,"612.82","707.08","680.92"
1683872946000,"612.82","707.08","680.92"
1683873710000,"612.82","707.08","680.92"
1683874480000,"612.82","707.08","680.92"
1683875670000,"612.82","707.08","680.92"
1683876438000,"612.82","707.08","680.92"
1683877209000,"612.82","707.08","680.92"
1683877980000,"612.82","707.08","680.92"
1683879388000,"612.82","707.08","680.92"
1683880190000,"612.82","707.08","680.92"
1683880960000,"612.82","707.08","680.92"
1683881746000,"612.82","707.08","680.92"
1683883046000,"612.82","707.08","680.92"
1683883820000,"612.82","707.08","680.92"
1683884596000,"612.82","707.08","680.92"
1683885364000,"612.82","707.08","680.92"
1683886787000,"612.82","707.08","680.92"
1683887572000,"612.82","707.08","680.92"
1683888352000,"612.82","707.08","680.92"
1683889115000,"612.82","707.08","680.92"
1683890143000,"612.82","707.08","680.92"
1683890918000,"612.82","707.08","680.92"
1683891695000,"612.82","707.08","680.92"
1683892454000,"612.82","707.08","680.92"
1683894612000,"612.82","707.08","680.92"
1683896035000,"612.82","707.08","680.92"
1683897477000,"612.82","707.08","680.92"
1683898241000,"612.82","707.08","680.92"
1683899027000,"612.82","707.08","680.92"
1683899797000,"612.82","707.08","680.92"
1683901036000,"612.82","707.08","680.92"
1683901805000,"612.82","707.08","680.92"
1683902576000,"612.82","707.08","680.92"
1683903354000,"612.82","707.08","680.92"
1683904712000,"612.82","707.08","680.92"
1683905483000,"612.82","707.08","680.92"
1683906255000,"612.82","707.08","680.92"
1683907025000,"612.82","707.08","680.92"
1683908647000,"612.82","707.08","680.92"
1683909544000,"612.82","707.08","680.92"
1683910313000,"612.82","707.08","680.92"
1683911414000,"612.82","707.08","680.92"
1683912304000,"612.82","707.08","680.92"
1683913082000,"612.82","707.08","680.92"
1683913850000,"612.82","707.08","680.92"
1683915107000,"612.82","707.08","680.92"
1683916110000,"612.82","707.08","680.92"
1683916891000,"612.82","707.08","680.92"
1683917664000,"612.82","707.08","680.92"
1683918752000,"612.82","707.08","680.92"
1683919532000,"612.82","707.08","680.92"
1683920310000,"612.82","707.08","680.92"
1683921081000,"612.82","707.08","680.92"
1683922251000,"612.82","707.08","680.92"
1683923067000,"612.82","707.08","680.92"
1683923846000,"612.82","707.08","680.92"
1683924612000,"612.82","707.08","680.92"
1683925645000,"612.82","707.08","680.92"
1683926412000,"612.82","707.08","680.92"
1683927202000,"612.82","707.08","680.92"
1683927969000,"612.82","707.08","680.92"
1683928745000,"612.82","707.08","680.92"
1683930014000,"612.82","707.08","680.92"
1683930808000,"612.82","707.08","680.92"
1683931580000,"612.82","707.08","680.92"
1683932342000,"612.82","707.08","680.92"
1683933485000,"612.82","707.08","680.92"
1683934274000,"612.82","707.08","680.92"
1683935044000,"612.82","707.08","680.92"
1683935830000,"612.82","707.08","680.92"
1683941682000,"612.82","707.08","680.92"
1683944435000,"612.82","707.08","680.92"
1683945635000,"612.82","707.08","680.92"
1683946410000,"612.82","707.08","680.92"
1683947685000,"612.82","707.08","680.92"
1683948454000,"612.82","707.08","680.92"
1683949235000,"612.82","707.08","680.92"
1683950013000,"612.82","707.08","680.92"
1683951441000,"612.82","707.08","680.92"
1683952206000,"612.82","707.08","680.92"
1683952990000,"612.82","707.08","680.92"
1683953759000,"612.82","707.08","680.92"
1683955033000,"612.82","707.08","680.92"
1683955809000,"612.82","707.08","680.92"
1683956581000,"612.82","707.08","680.92"
1683957358000,"612.82","707.08","680.92"
1683958942000,"612.82","707.08","680.92"
1683959718000,"612.82","707.08","680.92"
1683960490000,"612.82","707.08","680.92"
1683961324000,"612.82","707.08","680.92"
1683962281000,"612.82","707.08","680.92"
1683963073000,"612.82","707.08","680.92"
1683963843000,"612.82","707.08","680.92"
1683964613000,"612.82","707.08","680.92"
1683966081000,"612.82","707.08","680.92"
1683966854000,"612.82","707.08","680.92"
1683967634000,"612.82","707.08","680.92"
1683968404000,"612.82","707.08","680.92"
1683969468000,"612.82","707.08","680.92"
1683970238000,"612.82","707.08","680.92"
1683971014000,"612.82","707.08","680.92"
1683971778000,"612.82","707.08","680.92"
1683973120000,"612.82","707.08","680.92"
1683973899000,"612.82","707.08","680.92"
1683974675000,"612.82","707.08","680.92"
1683975449000,"612.82","707.08","680.92"
1683976487000,"612.82","707.08","680.92"
1683977254000,"612.82","707.08","680.92"
1683978028000,"612.82","707.08","680.92"
1683978812000,"612.82","707.08","680.92"
1683980758000,"612.82","707.08","680.92"
1683982176000,"612.82","707.08","680.92"
1683983270000,"612.82","707.08","680.92"
1683984187000,"612.82","707.08","680.92"
1683984969000,"612.82","707.08","680.92"
1683985742000,"612.82","707.08","680.92"
1683986735000,"612.82","707.08","680.92"
1683987725000,"612.82","707.08","680.92"
1683988511000,"612.82","707.08","680.92"
1683989286000,"612.82","707.08","680.92"
1683990120000,"612.82","707.08","680.92"
1683991184000,"612.82","707.08","680.92"
1683991959000,"612.82","707.08","680.92"
1683992728000,"612.82","707.08","680.92"
1683993510000,"612.82","707.08","680.92"
1683995047000,"612.82","707.08","680.92"
1683995881000,"612.82","707.08","680.92"
1683996655000,"612.82","707.08","680.92"
1683997805000,"612.82","707.08","680.92"
1683998851000,"612.82","707.08","680.92"
1683999625000,"612.82","707.08","680.92"
1684000393000,"612.82","707.08","680.92"
1684001800000,"612.82","707.08","680.92"
1684002561000,"612.82","707.08","680.92"
1684003353000,"612.82","707.08","680.92"
1684004115000,"612.82","707.08","680.92"
1684005160000,"612.82","707.08","680.92"
1684005929000,"612.82","707.08","680.92"
1684006700000,"612.82","707.08","680.92"
1684007481000,"612.82","707.08","680.92"
1684008621000,"612.82","707.08","680.92"
1684009826000,"612.82","707.08","680.92"
1684010221000,"612.82","707.08","680.92"
1684010987000,"612.82","707.08","680.92"
1684011992000,"612.82","707.08","680.92"
1684012760000,"612.82","707.08","680.92"
1684013532000,"612.82","707.08","680.92"
1684014300000,"612.82","707.08","680.92"
1684015086000,"612.82","707.08","680.92"
1684016304000,"612.82","707.08","680.92"
1684017073000,"612.82","707.08","680.92"
1684017859000,"612.82","707.08","680.92"
1684018633000,"612.82","707.08","680.92"
1684019887000,"612.82","707.08","680.92"
1684020660000,"612.82","707.08","680.92"
1684021431000,"612.82","707.08","680.92"
1684022198000,"612.82","707.08","680.92"
1684028516000,"612.82","707.08","680.92"
1684031221000,"612.82","707.08","680.92"
1684032379000,"612.82","707.08","680.92"
1684033147000,"612.82","707.08","680.92"
1684034376000,"612.82","707.08","680.92"
1684035164000,"612.82","707.08","680.92"
1684035938000,"612.82","707.08","680.92"
1684036701000,"612.82","707.08","680.92"
1684038160000,"612.82","707.08","680.92"
1684038938000,"612.82","707.08","680.92"
1684039710000,"612.82","707.08","680.92"
1684040694000,"612.82","707.08","680.92"
1684041792000,"612.82","707.08","680.92"
1684042556000,"612.82","707.08","680.92"
1684043326000,"612.82","707.08","680.92"
1684044482000,"612.82","707.08","680.92"
1684045602000,"612.82","707.08","680.92"
1684046375000,"612.82","707.08","680.92"
1684047158000,"612.82","707.08","680.92"
1684048320000,"612.82","707.08","680.92"
1684049097000,"612.82","707.08","680.92"
1684049868000,"612.82","707.08","680.92"
1684050649000,"612.82","707.08","680.92"
1684051908000,"612.82","707.08","680.92"
1684052839000,"612.82","707.08","680.92"
1684053612000,"612.82","707.08","680.92"
1684054385000,"612.82","707.08","680.92"
1684055530000,"612.82","707.08","680.92"
1684056306000,"612.82","707.08","680.92"
1684057089000,"612.82","707.08","680.92"
1684057861000,"612.82","707.08","680.92"
1684058989000,"612.82","707.08","680.92"
1684059997000,"612.82","707.08","680.92"
1684060778000,"612.82","707.08","680.92"
1684061551000,"612.82","707.08","680.92"
1684062581000,"612.82","707.08","680.92"
1684063360000,"612.82","707.08","680.92"
1684064130000,"612.82","707.08","680.92"
1684064900000,"612.82","707.08","680.92"
1684066163000,"612.82","707.08","680.92"
1684068052000,"612.82","707.08","680.92"
1684069085000,"612.82","707.08","680.92"
1684070394000,"612.82","707.08","680.92"
1684071159000,"612.82","707.08","680.92"
1684071947000,"612.82","707.08","680.92"
1684072716000,"612.82","707.08","680.92"
1684073867000,"612.82","707.08","680.92"
1684074641000,"612.82","707.08","680.92"
1684075412000,"612.82","707.08","680.92"
1684076199000,"612.82","707.08","680.92"
1684077463000,"612.82","707.08","680.92"
1684078234000,"612.82","707.08","680.92"
1684079003000,"612.82","707.08","680.92"
1684079779000,"612.82","707.08","680.92"
1684081358000,"612.82","707.08","680.92"
1684082194000,"612.82","707.08","680.92"
1684082972000,"612.82","707.08","680.92"
1684083993000,"612.82","707.08","680.92"
1684084953000,"612.82","707.08","680.92"
1684085728000,"612.82","707.08","680.92"
1684086496000,"612.82","707.08","680.92"
1684087538000,"612.82","707.08","680.92"
1684088696000,"612.82","707.08","680.92"
1684089469000,"612.82","707.08","680.92"
1684090235000,"612.82","707.08","680.92"
1684091237000,"612.82","707.08","680.92"
1684092003000,"612.82","707.08","680.92"
1684092782000,"612.82","707.08","680.92"
1684093569000,"612.82","707.08","680.92"
1684094334000,"612.82","707.08","680.92"
1684095543000,"612.82","707.08","680.92"
1684096325000,"612.82","707.08","680.92"
1684097102000,"612.82","707.08","680.92"
1684097870000,"612.82","707.08","680.92"
1684098995000,"612.82","707.08","680.92"
1684099761000,"612.82","707.08","680.92"
1684100542000,"612.82","707.08","680.92"
1684101327000,"612.82","707.08","680.92"
1684102560000,"612.82","707.08","680.92"
1684103345000,"612.82","707.08","680.92"
1684104113000,"612.82","707.08","680.92"
1684104887000,"612.82","707.08","680.92"
1684106168000,"612.82","707.08","680.92"
1684106942000,"612.82","707.08","680.92"
1684107716000,"612.82","707.08","680.92"
1684108497000,"612.82","707.08","680.92"
1684114423000,"613.83","708.25","682.04"
1684117582000,"613.83","708.25","682.04"
1684118856000,"613.83","708.25","682.04"
1684119619000,"613.83","708.25","682.04"
1684120850000,"613.83","708.25","682.04"
1684121646000,"613.83","708.25","682.04"
1684122418000,"613.83","708.25","682.04"
1684123183000,"613.83","708.25","682.04"
1684124629000,"613.83","708.25","682.04"
1684125411000,"613.83","708.25","682.04"
1684126184000,"613.83","708.25","682.04"
1684127276000,"613.83","708.25","682.04"
1684128319000,"613.83","708.25","682.04"
1684129107000,"613.83","708.25","682.04"
1684129872000,"613.83","708.25","682.04"
1684131254000,"613.83","708.25","682.04"
1684132266000,"613.83","708.25","682.04"
1684133040000,"613.83","708.25","682.04"
1684133806000,"613.83","708.25","682.04"
1684135110000,"613.83","708.25","682.04"
1684135889000,"613.83","708.25","682.04"
1684136663000,"613.83","708.25","682.04"
1684137441000,"613.83","708.25","682.04"
1684139005000,"614.3","708.78","682.55"
1684139784000,"614.3","708.78","682.55"
1684140552000,"614.3","708.78","682.55"
1684141653000,"614.3","708.78","682.55"
1684142603000,"614.3","708.78","682.55"
1684143372000,"614.3","708.78","682.55"
1684144150000,"614.3","708.78","682.55"
1684145267000,"614.3","708.78","682.55"
1684146481000,"614.3","708.78","682.55"
1684147247000,"614.3","708.78","682.55"
1684148025000,"614.3","708.78","682.55"
1684149133000,"614.3","708.78","682.55"
1684149902000,"614.3","708.78","682.55"
1684150672000,"614.3","708.78","682.55"
1684151457000,"614.3","708.78","682.55"
1684153236000,"614.3","708.78","682.55"
1684155048000,"614.3","708.78","682.55"
1684157314000,"614.3","708.78","682.55"
1684158093000,"614.3","708.78","682.55"
1684158856000,"614.3","708.78","682.55"
1684160097000,"614.3","708.78","682.55"
1684160930000,"614.3","708.78","682.55"
1684161694000,"614.3","708.78","682.55"
1684162465000,"614.3","708.78","682.55"
1684163816000,"614.3","708.78","682.55"
1684164586000,"614.3","708.78","682.55"
1684165361000,"614.3","708.78","682.55"
1684166140000,"614.3","708.78","682.55"
1684167810000,"614.3","708.78","682.55"
1684168744000,"614.3","708.78","682.55"
1684169529000,"614.3","708.78","682.55"
1684170649000,"614.3","708.78","682.55"
1684171528000,"614.3","708.78","682.55"
1684172296000,"614.3","708.78","682.55"
1684173065000,"614.3","708.78","682.55"
1684174379000,"614.3","708.78","682.55"
1684175360000,"614.3","708.78","682.55"
1684176123000,"614.3","708.78","682.55"
1684176904000,"614.3","708.78","682.55"
1684178000000,"614.3","708.78","682.55"
1684178777000,"614.3","708.78","682.55"
1684179538000,"614.3","708.78","682.55"
1684180316000,"614.3","708.78","682.55"
1684181518000,"614.3","708.78","682.55"
1684182305000,"614.3","708.78","682.55"
1684183072000,"614.3","708.78","682.55"
1684183855000,"614.3","708.78","682.55"
1684184935000,"614.3","708.78","682.55"
1684185698000,"614.3","708.78","682.55"
1684186477000,"614.3","708.78","682.55"
1684187266000,"614.3","708.78","682.55"
1684188028000,"614.3","708.78","682.55"
1684189269000,"614.3","708.78","682.55"
1684190044000,"614.3","708.78","682.55"
1684190814000,"614.3","708.78","682.55"
1684191582000,"614.3","708.78","682.55"
1684192744000,"614.3","708.78","682.55"
1684193514000,"614.3","708.78","682.55"
1684194286000,"614.3","708.78","682.55"
1684195072000,"614.3","708.78","682.55"
1684201215000,"613.93","708.36","682.15"
1684203976000,"613.93","708.36","682.15"
1684205170000,"613.93","708.36","682.15"
1684205958000,"613.93","708.36","682.15"
1684207243000,"613.93","708.36","682.15"
1684208037000,"613.93","708.36","682.15"
1684208819000,"613.93","708.36","682.15"
1684209589000,"613.93","708.36","682.15"
1684211074000,"613.93","708.36","682.15"
1684211866000,"613.93","708.36","682.15"
1684212642000,"613.93","708.36","682.15"
1684213765000,"613.93","708.36","682.15"
1684214746000,"613.93","708.36","682.15"
1684215534000,"613.93","708.36","682.15"
1684216316000,"613.93","708.36","682.15"
1684217714000,"613.93","708.36","682.15"
1684218649000,"613.93","708.36","682.15"
1684219431000,"613.93","708.36","682.15"
1684220202000,"613.93","708.36","682.15"
1684221447000,"613.93","708.36","682.15"
1684222221000,"613.93","708.36","682.15"
1684222991000,"613.93","708.36","682.15"
1684223781000,"613.93","708.36","682.15"
1684225395000,"613.93","708.36","682.15"
1684226182000,"613.93","708.36","682.15"
1684226958000,"613.93","708.36","682.15"
1684228040000,"613.93","708.36","682.15"
1684228961000,"613.93","708.36","682.15"
1684229738000,"613.93","708.36","682.15"
1684230521000,"613.93","708.36","682.15"
1684231597000,"613.93","708.36","682.15"
1684232829000,"613.93","708.36","682.15"
1684233612000,"613.93","708.36","682.15"
1684234383000,"613.93","708.36","682.15"
1684235466000,"613.93","708.36","682.15"
1684236235000,"613.93","708.36","682.15"
1684237013000,"613.93","708.36","682.15"
1684237784000,"613.93","708.36","682.15"
1684239354000,"613.93","708.36","682.15"
1684241331000,"613.93","708.36","682.15"
1684242640000,"613.93","708.36","682.15"
1684243624000,"613.93","708.36","682.15"
1684244401000,"613.93","708.36","682.15"
1684245166000,"613.93","708.36","682.15"
1684246345000,"613.93","708.36","682.15"
1684247257000,"613.93","708.36","682.15"
1684248032000,"613.93","708.36","682.15"
1684248799000,"613.93","708.36","682.15"
1684250093000,"613.93","708.36","682.15"
1684250879000,"613.93","708.36","682.15"
1684251646000,"613.93","708.36","682.15"
1684252414000,"613.93","708.36","682.15"
1684253960000,"613.93","708.36","682.15"